name,datetime,tempmax,tempmin,temp,feelslikemax,feelslikemin,feelslike,dew,humidity,precip,precipprob,precipcover,preciptype,snow,snowdepth,windgust,windspeed,winddir,sealevelpressure,cloudcover,visibility,solarradiation,solarenergy,uvindex,severerisk,sunrise,sunset,moonphase,conditions,description,icon,stations
"Milano, Lombardia, Italia",01/01/2022,8.5,-0.9,1.5,8.5,-3.4,1.1,1.2,98.1,0.183,100,4.17,"rain,snow",0,0,18.4,7.2,103.4,1025.2,30.1,1.3,30.6,2.7,1,,2022-01-01T08:03:23,2022-01-01T16:50:29,0.95,"Snow, Rain, Partially cloudy",Becoming cloudy in the afternoon with early morning snow or rain.,rain,"16080099999,16076099999,D6875,16066099999,06777099999,06771099999,LIML"
"Milano, Lombardia, Italia",02/01/2022,10.1,-0.9,3.2,10.1,-3,2.6,2.7,96.5,0.366,100,8.33,"rain,snow",0,0,5.4,9.2,272.5,1024.6,38.6,4.5,28.4,2.4,1,,2022-01-02T08:03:24,2022-01-02T16:51:25,0,"Snow, Rain, Partially cloudy",Clearing in the afternoon with rain or snow.,rain,"16080099999,16076099999,D6875,16066099999,06771099999"
"Milano, Lombardia, Italia",03/01/2022,6.2,0.9,3.7,6.1,-1.5,2.4,3.5,98.6,0,0,0,,0,0,18.4,9,74.2,1019.7,60.6,2.5,15.5,1.4,1,,2022-01-03T08:03:22,2022-01-03T16:52:23,0.02,Partially cloudy,Partly cloudy throughout the day.,partly-cloudy-day,"16080099999,16076099999,D6875,16066099999,06777099999,06771099999"
"Milano, Lombardia, Italia",04/01/2022,7.1,6,6.5,7.1,4.6,6.4,6.1,97.2,3.747,100,41.67,rain,0,0,15.1,7.2,37.4,1011.5,93.8,2.4,7,0.6,0,,2022-01-04T08:03:18,2022-01-04T16:53:23,0.06,"Rain, Overcast",Cloudy skies throughout the day with rain.,rain,"16080099999,16076099999,D6875,16066099999,06777099999,06771099999"
"Milano, Lombardia, Italia",05/01/2022,8.1,6,6.9,7.4,4.5,5.9,5.3,91.5,12.747,100,41.67,rain,0,0,68.4,9.4,248.6,1001.7,88.7,4.6,16.6,1.3,1,,2022-01-05T08:03:11,2022-01-05T16:54:24,0.09,"Rain, Partially cloudy",Partly cloudy throughout the day with a chance of rain throughout the day.,rain,"16080099999,16076099999,D6875,16066099999,06771099999"
"Milano, Lombardia, Italia",06/01/2022,7.1,0,4.1,7.1,-1.6,3.1,1.6,84,0,0,0,,0,0,63,9.5,57.4,1013.1,45.8,9.9,56.6,5,3,,2022-01-06T08:03:01,2022-01-06T16:55:28,0.12,Partially cloudy,Clearing in the afternoon.,partly-cloudy-day,"16080099999,16076099999,D6875,16066099999,06771099999"
"Milano, Lombardia, Italia",07/01/2022,6.1,-2.9,1.4,4.6,-5.1,0.6,-1.4,83.3,0,0,0,,0,0,14.8,10.5,65.8,1019.4,14,10,42.8,3.8,2,,2022-01-07T08:02:49,2022-01-07T16:56:33,0.15,Clear,Clear conditions throughout the day.,clear-day,"16080099999,16076099999,D6875,16066099999,06777099999,06771099999"
"Milano, Lombardia, Italia",08/01/2022,5.1,-3,-0.5,3,-5,-1.8,-1.7,92.2,0.183,100,4.17,rain,0,0,16.6,12.4,251.3,1014.1,5.1,6.1,21.7,1.9,1,,2022-01-08T08:02:34,2022-01-08T16:57:40,0.19,Rain,Clear conditions throughout the day with afternoon rain.,rain,"16080099999,16076099999,D6875,16066099999,06771099999,LIML"
"Milano, Lombardia, Italia",09/01/2022,4.2,-2,0.7,2.3,-4,-0.9,-0.2,94.3,0,0,0,,0,0,16.6,11,238.7,1005.6,34.8,5.2,44.7,4,3,,2022-01-09T08:02:16,2022-01-09T16:58:48,0.25,Partially cloudy,Clearing in the afternoon.,partly-cloudy-day,"16080099999,16076099999,D6875,16066099999,06771099999,LIML"
"Milano, Lombardia, Italia",10/01/2022,2.6,-4.8,-1.3,0.4,-7.2,-2.6,-2.4,92.7,0.183,100,4.17,"rain,snow",0,0,38.9,10.7,271.4,1011.8,14.2,3.6,26.4,2.3,1,10,2022-01-10T08:01:56,2022-01-10T16:59:58,0.25,"Snow, Rain",Clear conditions throughout the day with afternoon rain or snow.,rain,"16080099999,16076099999,D6875,16066099999,06777099999,06771099999,LIML"
"Milano, Lombardia, Italia",11/01/2022,9.1,-4.8,0.7,9.1,-4.8,0.2,-3.3,77.2,0,0,0,,0,0,21.5,7.9,324,1022.6,0,9.5,69.4,6,3,10,2022-01-11T08:01:33,2022-01-11T17:01:09,0.29,Clear,Clear conditions throughout the day.,clear-day,"16080099999,16076099999,D6875,16066099999,06777099999,06771099999"
"Milano, Lombardia, Italia",12/01/2022,7.2,-3.9,0.7,7.1,-6,-0.2,-2.8,79.6,0.183,100,4.17,rain,0,0,9.4,8.9,353.3,1030.9,0,10,70.5,6.1,3,10,2022-01-12T08:01:08,2022-01-12T17:02:22,0.32,Rain,Clear conditions throughout the day with afternoon rain.,rain,"16080099999,16076099999,D6875,16066099999,06777099999,06771099999,LIML"
"Milano, Lombardia, Italia",13/01/2022,8.1,-4.9,1,8.1,-4.9,0.7,-2.4,80.7,0,0,0,,0,0,13,7.6,295.2,1036.4,0,9.6,72.8,6.3,3,10,2022-01-13T08:00:40,2022-01-13T17:03:36,0.35,Clear,Clear conditions throughout the day.,clear-day,"16080099999,16076099999,D6875,16066099999,06771099999"
"Milano, Lombardia, Italia",14/01/2022,10.2,-2.9,2.4,10.2,-4.2,1.4,-2.2,73.9,0,0,0,,0,0,10.2,10.9,266.1,1031.2,0,9.9,75.7,6.4,3,10,2022-01-14T08:00:10,2022-01-14T17:04:51,0.38,Clear,Clear conditions throughout the day.,clear-day,"16080099999,16076099999,D6875,16066099999,06777099999,06771099999"
"Milano, Lombardia, Italia",15/01/2022,11.2,-1.9,2.9,11.2,-3.9,2.7,-1.4,75.6,0.183,100,4.17,rain,0,0,13,7.4,19.6,1024.4,0,10,75.9,6.5,3,10,2022-01-15T07:59:37,2022-01-15T17:06:08,0.42,Rain,Clear conditions throughout the day with afternoon rain.,rain,"16080099999,16076099999,D6875,16066099999,06771099999"
"Milano, Lombardia, Italia",16/01/2022,11.1,-2.8,3.8,11.1,-4.8,3.2,0,78.4,0,0,0,,0,0,46.4,12.7,285,1023.8,0,9,71.2,6.1,3,10,2022-01-16T07:59:02,2022-01-16T17:07:25,0.45,Clear,Clear conditions throughout the day.,clear-day,"16080099999,16076099999,D6875,16066099999,06777099999,06771099999"
"Milano, Lombardia, Italia",17/01/2022,12.3,0.3,6.5,12.3,-2.7,5,-1.2,60.2,0,0,0,,0,0,46.4,21.2,262.9,1025,1.1,10,80.6,7,4,10,2022-01-17T07:58:24,2022-01-17T17:08:44,0.48,Clear,Clear conditions throughout the day.,clear-day,"16080099999,16076099999,D6875,16066099999,06771099999,LIML"
"Milano, Lombardia, Italia",18/01/2022,11.1,-0.4,4.5,11.1,-2.2,3.9,1.2,80.4,0,0,0,,0,0,44.6,11,59.3,1031.1,9,7.2,68.2,5.9,3,10,2022-01-18T07:57:44,2022-01-18T17:10:03,0.5,Clear,Clear conditions throughout the day.,clear-day,"16080099999,16076099999,D6875,16066099999,06777099999,06771099999"
"Milano, Lombardia, Italia",19/01/2022,8.1,-1.9,2.9,7.3,-1.9,2.4,1.2,89.4,0,0,0,,0,0,14.8,9.4,266.1,1029.7,39.5,4.6,54.8,4.7,3,10,2022-01-19T07:57:02,2022-01-19T17:11:24,0.55,Partially cloudy,Clearing in the afternoon.,partly-cloudy-day,"16080099999,16076099999,D6875,16066099999,06771099999"
"Milano, Lombardia, Italia",20/01/2022,7.1,1.3,4,6.2,-1.6,3.1,2.9,92.7,2.922,100,8.33,"rain,snow",0,0,50,9.6,239.4,1020.2,49.7,3,66.2,5.8,3,10,2022-01-20T07:56:17,2022-01-20T17:12:45,0.59,"Snow, Rain, Partially cloudy",Partly cloudy throughout the day with rain or snow.,rain,"16080099999,16076099999,D6875,16066099999,06771099999"
"Milano, Lombardia, Italia",21/01/2022,4.2,-1.1,1.6,2.3,-1.9,0,0.7,93.5,0,0,0,,0,0,66.6,12.3,71.5,1023.1,33.9,1.8,38,3.3,1,10,2022-01-21T07:55:30,2022-01-21T17:14:07,0.62,Partially cloudy,Partly cloudy throughout the day.,partly-cloudy-day,"16080099999,16076099999,D6875,16066099999,06771099999"
"Milano, Lombardia, Italia",22/01/2022,7.2,-0.2,2.2,5.5,-4.1,0.4,0.3,88.6,0.183,100,4.17,"rain,snow",0,0,24.1,14.2,259,1026.1,41.6,4.6,66.2,5.6,3,10,2022-01-22T07:54:40,2022-01-22T17:15:30,0.66,"Snow, Rain, Partially cloudy",Partly cloudy throughout the day with morning rain or snow.,rain,"16080099999,16076099999,D6875,16066099999,06771099999"
"Milano, Lombardia, Italia",23/01/2022,6.3,-1,1.8,5.3,-4.2,0.6,-0.1,87.6,0,0,0,,0,0,24.1,10.9,58.9,1029.1,15,5.2,64.5,5.4,3,10,2022-01-23T07:53:49,2022-01-23T17:16:54,0.69,Clear,Clear conditions throughout the day.,clear-day,"16080099999,16076099999,D6875,F5400,16066099999,06777099999,06771099999,LIML"
"Milano, Lombardia, Italia",24/01/2022,1.9,-3.9,-0.5,1.9,-4.9,-1.6,-0.7,98.4,0.183,100,4.17,"rain,snow",0,0,14.8,10.5,46.2,1031.7,41.1,0.6,21.6,1.7,1,10,2022-01-24T07:52:55,2022-01-24T17:18:18,0.73,"Snow, Rain, Partially cloudy",Clearing in the afternoon with afternoon rain or snow.,rain,"16080099999,16076099999,D6875,F5400,16066099999,06771099999"
"Milano, Lombardia, Italia",25/01/2022,4.3,0.8,2.4,2,-1.6,0.3,1.5,94.4,0,0,0,,0,0,14.8,12.9,252.6,1032.9,65.4,3.5,33,2.6,1,10,2022-01-25T07:51:59,2022-01-25T17:19:43,0.75,Partially cloudy,Partly cloudy throughout the day.,partly-cloudy-day,"16080099999,16076099999,D6875,16066099999,06771099999"
"Milano, Lombardia, Italia",26/01/2022,4,0.1,1.9,2.9,-2.8,0.4,1.3,96.2,0,0,0,,0,0,18.8,8.9,240.7,1028.1,81.9,2.6,25.7,2.1,1,10,2022-01-26T07:51:01,2022-01-26T17:21:08,0.8,Partially cloudy,Partly cloudy throughout the day.,partly-cloudy-day,"16080099999,16076099999,D6875,16066099999,06777099999,06771099999"
"Milano, Lombardia, Italia",27/01/2022,2.3,-0.1,0.9,2.1,-2.5,-0.5,0.8,99.5,0,0,0,,0,0,11.2,7.3,225.2,1026.1,58.8,0.7,18.6,1.7,1,10,2022-01-27T07:50:00,2022-01-27T17:22:34,0.83,Partially cloudy,Partly cloudy throughout the day.,fog,"16080099999,16076099999,D6875,16066099999,06771099999"
"Milano, Lombardia, Italia",28/01/2022,15.6,-1.1,4.4,15.6,-4.8,2.5,-0.6,75.7,0,0,0,,0,0,64.8,31.5,344.7,1025.4,11.6,7.4,41.8,3.5,2,10,2022-01-28T07:48:58,2022-01-28T17:24:00,0.87,Clear,Clear conditions throughout the day.,clear-day,"16080099999,16076099999,D6875,AV128,16066099999,06771099999"
"Milano, Lombardia, Italia",29/01/2022,11,-2.8,3.3,11,-4,2.8,-1.2,74.8,0.183,100,4.17,rain,0,0,29.5,9.1,253.6,1028.1,0,9.5,33.3,2.9,2,10,2022-01-29T07:47:54,2022-01-29T17:25:27,0.9,Rain,Clear conditions throughout the day with afternoon rain.,rain,"16080099999,16076099999,D6875,AV128,16066099999,06771099999"
"Milano, Lombardia, Italia",30/01/2022,16.1,2.6,8.9,16.1,0.1,7.7,1.4,60.5,0,0,0,,0,0,20.5,19.7,293.4,1018.6,0,9.9,36.7,3.2,3,10,2022-01-30T07:46:48,2022-01-30T17:26:54,0.94,Clear,Clear conditions throughout the day.,clear-day,"16080099999,16076099999,AV128,16066099999,06771099999"
"Milano, Lombardia, Italia",31/01/2022,13,0.9,5.8,13,-1.5,4.9,-1.1,67.1,0,0,0,,0,0,51.8,45.5,351.4,1010.8,8,7.5,39,3.3,2,10,2022-01-31T07:45:40,2022-01-31T17:28:21,0.97,Clear,Clear conditions throughout the day.,clear-day,"16080099999,16076099999,AV128,16066099999,06777099999,06771099999"
"Milano, Lombardia, Italia",01/02/2022,15.9,7.1,10.7,15.9,3.9,9.4,-7.6,28,0,0,0,,0,0,77.8,23.7,307.7,1012.5,0,10,34.4,2.9,3,10,2022-02-01T07:44:30,2022-02-01T17:29:48,0,Clear,Clear conditions throughout the day.,clear-day,"16080099999,16076099999,AV128,16066099999,06771099999"
"Milano, Lombardia, Italia",02/02/2022,18.9,4.1,11.4,18.9,1.5,10.6,-1.8,41.7,0,0,0,,0,0,59.4,32.5,327.6,1012.2,0,10,37.7,3.1,2,10,2022-02-02T07:43:18,2022-02-02T17:31:16,0.04,Clear,Clear conditions throughout the day.,clear-day,"16080099999,16076099999,AV128,16066099999,06771099999"
"Milano, Lombardia, Italia",03/02/2022,12.1,2.1,8,12.1,1.5,7.1,2.4,68.6,0.013,100,4.17,rain,0,0,36.9,16.4,91.2,1020.2,8.4,10,44.2,3.6,2,10,2022-02-03T07:42:04,2022-02-03T17:32:43,0.07,Rain,Clear conditions throughout the day with afternoon rain.,rain,"16080099999,16076099999,AV128,16066099999,06777099999,06771099999,LIML"
"Milano, Lombardia, Italia",04/02/2022,11.1,5.7,7.9,11.1,5.7,7.6,5.7,86.1,0,0,0,rain,0,0,13,9.3,151.1,1017.8,62.4,8.2,28.1,2.3,1,10,2022-02-04T07:40:49,2022-02-04T17:34:11,0.1,Partially cloudy,Partly cloudy throughout the day.,partly-cloudy-day,"16080099999,16076099999,AV128,16066099999,06771099999"
"Milano, Lombardia, Italia",05/02/2022,8.3,0.2,3.9,8.3,0.2,3.6,3.6,97.8,0,0,0,,0,0,14.8,7.4,76.6,1019.4,25.5,0.9,29.8,2.5,1,10,2022-02-05T07:39:32,2022-02-05T17:35:39,0.14,Partially cloudy,Becoming cloudy in the afternoon.,fog,"16080099999,16076099999,AV128,16066099999,06771099999"
"Milano, Lombardia, Italia",06/02/2022,8.2,-1,3.9,7,-1,2.9,3.2,95.3,0.183,100,4.17,"rain,snow",0,0,14,12.3,259.3,1020.4,41.9,1.6,22,1.9,1,10,2022-02-06T07:38:13,2022-02-06T17:37:07,0.17,"Snow, Rain, Partially cloudy",Partly cloudy throughout the day with early morning snow or rain.,rain,"16080099999,16076099999,AV128,16066099999,06777099999,06771099999,LIML"
"Milano, Lombardia, Italia",07/02/2022,13,2,8.6,13,-1.3,7.8,-6.7,47.4,0.186,100,8.33,rain,0,0,74.2,55.3,353.5,1015.1,9.9,7.4,44.3,3.8,3,10,2022-02-07T07:36:53,2022-02-07T17:38:35,0.2,Rain,Clear conditions throughout the day with morning rain.,rain,"16080099999,16076099999,AV128,16066099999,06777099999,06771099999"
"Milano, Lombardia, Italia",08/02/2022,14.1,-1.9,5.9,14.1,-2.6,5.6,-7.3,41.8,0,0,0,,0,0,48.2,10.7,302.9,1028.9,0,10,46.4,4,3,10,2022-02-08T07:35:31,2022-02-08T17:40:03,0.25,Clear,Clear conditions throughout the day.,clear-day,"16080099999,16076099999,AV128,16066099999,06771099999"
"Milano, Lombardia, Italia",09/02/2022,15,0.9,7.3,15,-1.5,6.8,1.5,67.4,0,0,0,,0,0,18.4,14.6,282.2,1030,0,10,45.6,3.8,2,10,2022-02-09T07:34:07,2022-02-09T17:41:30,0.27,Clear,Clear conditions throughout the day.,clear-day,"16080099999,16076099999,AV128,16066099999,06771099999,LIML"
"Milano, Lombardia, Italia",10/02/2022,11.2,3.9,7.8,11.2,3.6,7.6,5.5,86,0,0,0,,0,0,20.5,7.5,288.9,1026.1,81.3,10,25.1,2.1,1,10,2022-02-10T07:32:42,2022-02-10T17:42:58,0.3,Partially cloudy,Partly cloudy throughout the day.,partly-cloudy-day,"16080099999,16076099999,AV128,16066099999,06771099999"
"Milano, Lombardia, Italia",11/02/2022,14.1,7.7,10,14.1,5.6,9.6,3.5,68.4,0,0,0,rain,0,0,46.4,18.5,294.4,1023,47.8,9.4,38.5,3.3,2,10,2022-02-11T07:31:15,2022-02-11T17:44:26,0.33,Partially cloudy,Clearing in the afternoon.,partly-cloudy-day,"16080099999,16076099999,AV128,16066099999,06771099999"
"Milano, Lombardia, Italia",12/02/2022,10.9,1,6,10.9,0.7,4.8,-1.5,60.8,0,0,0,,0,0,37.1,15.7,78,1030.4,26.7,9.9,58,4.9,3,10,2022-02-12T07:29:48,2022-02-12T17:45:53,0.36,Partially cloudy,Partly cloudy throughout the day.,partly-cloudy-day,"16080099999,16076099999,AV128,16066099999,06777099999,06771099999,LIML"
"Milano, Lombardia, Italia",13/02/2022,10,-1.1,3.8,9.6,-1.1,3.1,-2.8,64,0,0,0,,0,0,16.6,12.4,66.1,1026.2,0,10,55.7,4.7,3,10,2022-02-13T07:28:18,2022-02-13T17:47:20,0.39,Clear,Clear conditions throughout the day.,clear-day,"16080099999,16076099999,AV128,16066099999,06771099999,LIML"
"Milano, Lombardia, Italia",14/02/2022,6,-0.1,3.3,6,-0.1,2.7,-0.2,78.3,0.623,100,25,rain,1.1,0.8,16.2,7.4,358.5,1018.5,74.9,9.2,26,2.3,1,10,2022-02-14T07:26:48,2022-02-14T17:48:48,0.43,"Rain, Partially cloudy",Partly cloudy throughout the day with late afternoon rain or snow.,snow,"16080099999,16076099999,AV128,16066099999,06771099999"
"Milano, Lombardia, Italia",15/02/2022,5.1,-0.8,2.6,5.1,-1.3,1.2,2,96.6,12.371,100,41.67,rain,1.3,3,13,10.6,262.5,1013.2,72.5,3.3,19.2,1.4,1,10,2022-02-15T07:25:16,2022-02-15T17:50:15,0.46,"Rain, Partially cloudy",Partly cloudy throughout the day with a chance of rain or snow throughout the day.,snow,"16080099999,16076099999,AV128,16066099999,06771099999"
"Milano, Lombardia, Italia",16/02/2022,9.2,-1.7,3.6,9.1,-1.7,2.8,2.6,93.8,0.007,100,4.17,rain,0,1.7,13,10.6,251,1016.5,33.1,2.6,46.2,4,2,10,2022-02-16T07:23:42,2022-02-16T17:51:41,0.5,"Rain, Partially cloudy",Clearing in the afternoon with afternoon rain.,rain,"16080099999,16076099999,AV128,16066099999,06771099999"
"Milano, Lombardia, Italia",17/02/2022,16.9,0,7.2,16.9,-0.6,6.8,4.3,83.9,0.183,100,4.17,"rain,snow",0,0.8,14.8,16.1,267.3,1012,0,6.3,64.6,5.7,3,10,2022-02-17T07:22:08,2022-02-17T17:53:08,0.53,"Snow, Rain",Clear conditions throughout the day with morning rain or snow.,rain,"16080099999,16076099999,AV128,16066099999,06771099999"
"Milano, Lombardia, Italia",18/02/2022,10,2,6.5,10,0.5,5.5,4.7,88.9,0.003,100,4.17,rain,0,0.1,23.4,12.4,87.4,1015.5,53,4.5,48.1,4.1,4,10,2022-02-18T07:20:32,2022-02-18T17:54:34,0.56,"Rain, Partially cloudy",Partly cloudy throughout the day with late afternoon rain.,rain,"16080099999,16076099999,D6875,AV128,16066099999,06777099999,06771099999"
"Milano, Lombardia, Italia",19/02/2022,13.1,7.9,9.3,13.1,6.7,9,8.3,93.9,0.956,100,20.83,rain,0,0,16.6,9.4,234.1,1015.2,66.4,2.2,41.3,3.5,2,10,2022-02-19T07:18:56,2022-02-19T17:56:00,0.6,"Rain, Partially cloudy",Clearing in the afternoon with a chance of rain throughout the day.,rain,"16080099999,16076099999,AV128,16066099999,06771099999"
"Milano, Lombardia, Italia",20/02/2022,15.9,5.7,9.7,15.9,4.7,9.5,6.9,84.4,0,0,0,,0,0,24.1,14.5,251,1017.6,27.7,5.9,69.7,6.1,4,10,2022-02-20T07:17:18,2022-02-20T17:57:26,0.63,Partially cloudy,Clearing in the afternoon.,partly-cloudy-day,"16080099999,16076099999,AV128,16066099999,06771099999"
"Milano, Lombardia, Italia",21/02/2022,16.9,5.2,10.5,16.9,3.6,10.3,0.1,59.5,0,0,0,,0,0,72.4,36.3,333.5,1008.6,28.4,7,85.8,7.3,4,10,2022-02-21T07:15:39,2022-02-21T17:58:51,0.67,Partially cloudy,Clearing in the afternoon.,partly-cloudy-day,"16080099999,16076099999,AV128,16066099999,06777099999,06771099999"
"Milano, Lombardia, Italia",22/02/2022,18.9,5.9,12.3,18.9,4.9,11.6,-3.2,36.6,0,0,0,,0,0,51.8,24.8,327.8,1015.6,0,10,89.4,7.7,4,10,2022-02-22T07:13:59,2022-02-22T18:00:17,0.71,Clear,Clear conditions throughout the day.,clear-day,"16080099999,16076099999,AV128,16066099999,06771099999"
"Milano, Lombardia, Italia",23/02/2022,15.2,1.9,9.2,15.2,1,8.8,-0.4,52.9,0,0,0,,0,0,18.4,9.3,76.2,1023.6,0,10,84.6,7.3,4,10,2022-02-23T07:12:18,2022-02-23T18:01:42,0.75,Clear,Clear conditions throughout the day.,clear-day,"16080099999,16076099999,AV128,16066099999,06771099999"
"Milano, Lombardia, Italia",24/02/2022,14,3,8.1,14,3,8,1.9,66.6,0,0,0,,0,0,20.5,7.6,110.4,1022.3,11.3,10,71,6.3,3,10,2022-02-24T07:10:36,2022-02-24T18:03:06,0.78,Clear,Clear conditions throughout the day.,clear-day,"16080099999,16076099999,AV128,16066099999,06777099999,06771099999"
"Milano, Lombardia, Italia",25/02/2022,16.9,1,9,16.9,1,8.7,-2.8,54,0,0,0,,0,0,64.8,34.1,339.6,1017.8,10.1,9.8,82.9,7.1,4,10,2022-02-25T07:08:53,2022-02-25T18:04:31,0.81,Clear,Clear conditions throughout the day.,clear-day,"16080099999,16076099999,D6875,AV128,16066099999,06771099999"
"Milano, Lombardia, Italia",26/02/2022,14,0.2,7.9,14,-1.2,6.7,-3.2,51.9,0,0,0,,0,0,51.3,18.4,139.4,1024.6,0.3,10,89.5,7.5,4,10,2022-02-26T07:07:10,2022-02-26T18:05:55,0.85,Clear,Clear conditions throughout the day.,clear-day,"16080099999,16076099999,AV128,16066099999,06777099999,06771099999,LIML"
"Milano, Lombardia, Italia",27/02/2022,11.9,-1.1,5.5,11.9,-3.1,4.7,-3.7,55,0,0,0,,0,0,27.7,9.4,145.6,1026.5,0,10,94.3,8.2,4,10,2022-02-27T07:05:25,2022-02-27T18:07:19,0.88,Clear,Clear conditions throughout the day.,clear-day,"16080099999,16076099999,AV128,16066099999,06777099999,06771099999"
"Milano, Lombardia, Italia",28/02/2022,12.1,-2,5.7,12.1,-2,5,-4,53.9,0,0,0,,0,0,33.5,21.3,140.4,1025.6,1.2,10,91.2,7.9,4,10,2022-02-28T07:03:40,2022-02-28T18:08:42,0.92,Clear,Clear conditions throughout the day.,clear-day,"16080099999,16076099999,AV128,16066099999,06777099999,06771099999"
"Milano, Lombardia, Italia",01/03/2022,10.9,2.7,6.2,10.9,0.3,4.6,-4.9,46.7,0,0,0,,0,0,40.7,23.7,97.7,1029.5,44.2,10,95.9,8.1,4,10,2022-03-01T07:01:54,2022-03-01T18:10:05,0.95,Partially cloudy,Partly cloudy throughout the day.,partly-cloudy-day,"16080099999,16076099999,AV128,16066099999,06777099999,06771099999"
"Milano, Lombardia, Italia",02/03/2022,12,-2,5.2,12,-2,4.8,-2.9,59.4,0,0,0,,0,0,16.6,11,253.4,1023,2.6,10,98.8,8.4,4,10,2022-03-02T07:00:07,2022-03-02T18:11:28,0,Clear,Clear conditions throughout the day.,clear-day,"16080099999,16076099999,AV128,16066099999,06777099999,06771099999,LIML"
"Milano, Lombardia, Italia",03/03/2022,14,1.9,8.3,14,1.9,8,1.1,62.2,0,0,0,,0,0,25.9,9.3,240.1,1015.7,0,10,95.9,8.2,4,10,2022-03-03T06:58:20,2022-03-03T18:12:51,0.02,Clear,Clear conditions throughout the day.,clear-day,"16080099999,16076099999,AV128,16066099999,06777099999,06771099999"
"Milano, Lombardia, Italia",04/03/2022,12,2.9,7.6,12,2.9,6.7,1,64.3,0,0,0,rain,0,0,20.5,14.5,94,1013.6,33.1,8.8,89.2,7.7,4,10,2022-03-04T06:56:31,2022-03-04T18:14:13,0.06,Partially cloudy,Partly cloudy throughout the day.,partly-cloudy-day,"16080099999,16076099999,AV128,16066099999,06771099999"
"Milano, Lombardia, Italia",05/03/2022,9,3,6,9,0.9,4.1,-2.7,54.5,0,0,0,,0,0,25.9,17.9,97.8,1016.5,32.8,10,99.4,8.5,4,10,2022-03-05T06:54:43,2022-03-05T18:15:36,0.09,Partially cloudy,Partly cloudy throughout the day.,partly-cloudy-day,"16080099999,16076099999,F5400,AV128,16066099999,06771099999"
"Milano, Lombardia, Italia",06/03/2022,9,1.1,4.6,8.4,-0.8,3.5,-4.5,53.1,0,0,0,,0,0,22.3,11,125.1,1017.1,34,10,94.8,8.2,4,10,2022-03-06T06:52:53,2022-03-06T18:16:57,0.12,Partially cloudy,Partly cloudy throughout the day.,partly-cloudy-day,"16080099999,16076099999,F5400,AV128,16066099999,06777099999,06771099999"
"Milano, Lombardia, Italia",07/03/2022,10,-1.2,4.3,10,-2.1,3.8,-3.6,58.7,0,0,0,,0,0,18.4,10.6,71.7,1017.7,1.6,10,103.5,8.7,4,10,2022-03-07T06:51:04,2022-03-07T18:18:19,0.15,Clear,Clear conditions throughout the day.,clear-day,"16080099999,16076099999,D4561,AV128,16066099999,06771099999,LIML"
"Milano, Lombardia, Italia",08/03/2022,8,-0.1,4.5,8,-0.8,2.6,-3.9,55.9,0,0,0,,0,0,20.5,14.4,87.9,1022.2,31,10,58.5,5.1,3,10,2022-03-08T06:49:13,2022-03-08T18:19:40,0.18,Partially cloudy,Partly cloudy throughout the day.,partly-cloudy-day,"16080099999,16076099999,D6875,AV128,16066099999,06777099999,06771099999"
"Milano, Lombardia, Italia",09/03/2022,13,-3,4.4,13,-3,4.2,-3.3,61.1,0,0,0,,0,0,18.4,12.5,246.5,1023.3,0,9.8,107.8,9.3,4,10,2022-03-09T06:47:22,2022-03-09T18:21:01,0.22,Clear,Clear conditions throughout the day.,clear-day,"16080099999,16076099999,D6875,AV128,16066099999,06771099999"
"Milano, Lombardia, Italia",10/03/2022,15,-1.1,6.6,15,-1.1,6.6,-0.5,63.5,0,0,0,,0,0,20.5,9.1,268.9,1024.2,0,9.9,107.8,9.3,4,10,2022-03-10T06:45:31,2022-03-10T18:22:22,0.25,Clear,Clear conditions throughout the day.,clear-day,"16080099999,16076099999,D6875,AV128,16066099999,06777099999,06771099999"
"Milano, Lombardia, Italia",11/03/2022,10.9,1.8,7.6,10.9,-1.4,6,0.2,60.2,0,0,0,,0,0,33.5,21.6,92.1,1026,62.3,9.9,92.4,8,4,10,2022-03-11T06:43:39,2022-03-11T18:23:43,0.28,Partially cloudy,Partly cloudy throughout the day.,partly-cloudy-day,"16080099999,16076099999,D6875,AV128,16066099999,06777099999,06771099999"
"Milano, Lombardia, Italia",12/03/2022,9.9,2.8,6.7,8.6,1.4,4.9,-1.8,55.7,0,0,0,,0,0,22.3,17.5,89.2,1027.3,75.7,10,86.2,7.6,4,10,2022-03-12T06:41:47,2022-03-12T18:25:03,0.31,Partially cloudy,Partly cloudy throughout the day.,partly-cloudy-day,"16080099999,16076099999,D6875,AV128,16066099999,06777099999,06771099999"
"Milano, Lombardia, Italia",13/03/2022,10.9,0.9,6.3,10.9,-0.8,5.4,-3.9,49.3,0,0,0,,0,0,22.3,11,91.6,1026.4,24.4,10,115.2,10,4,10,2022-03-13T06:39:55,2022-03-13T18:26:23,0.34,Partially cloudy,Partly cloudy throughout the day.,partly-cloudy-day,"16080099999,16076099999,D6875,AV128,16066099999,06771099999"
"Milano, Lombardia, Italia",14/03/2022,13.9,6,9.4,13.9,4.5,9,1,56.6,0.01,100,12.5,rain,0,0,18.4,11.1,210.6,1031.9,81.9,10,79.3,7.1,3,10,2022-03-14T06:38:02,2022-03-14T18:27:43,0.38,"Rain, Partially cloudy",Partly cloudy throughout the day with early morning rain.,rain,"16080099999,16076099999,D6875,AV128,16066099999,06777099999,06771099999"
"Milano, Lombardia, Italia",15/03/2022,13,5.6,10.1,13,4.2,10,3.9,66.3,0.028,100,12.5,rain,0,0,14.8,9,262.7,1033,61.8,8.2,73,6.2,3,10,2022-03-15T06:36:09,2022-03-15T18:29:03,0.41,"Rain, Partially cloudy",Partly cloudy throughout the day with rain clearing later.,rain,"16080099999,16076099999,D6875,AV128,16066099999,06777099999,06771099999"
"Milano, Lombardia, Italia",16/03/2022,16,10.6,12.4,16,10.6,12.4,6.4,67,0,0,0,,0,0,24.1,16.3,266.2,1024.9,66.8,9.9,65,5.5,3,10,2022-03-16T06:34:15,2022-03-16T18:30:22,0.44,Partially cloudy,Partly cloudy throughout the day.,partly-cloudy-day,"16080099999,16076099999,D6875,AV128,16066099999,06771099999"
"Milano, Lombardia, Italia",17/03/2022,13,9.2,11.4,13,8.7,11.4,6.5,72.1,0,0,0,,0,0,24.1,15.7,80.6,1026.4,90.3,5.8,42.3,3.8,2,10,2022-03-17T06:32:22,2022-03-17T18:31:42,0.47,Overcast,Cloudy skies throughout the day.,cloudy,"16080099999,16076099999,D6875,AV128,16066099999,06771099999,LIML"
"Milano, Lombardia, Italia",18/03/2022,14.9,7,10.9,14.9,6.5,10.6,2.9,59.8,0,0,0,rain,0,0,22.3,19.4,91.9,1031.6,60.9,8.8,77.5,6.7,3,10,2022-03-18T06:30:28,2022-03-18T18:33:01,0.5,Partially cloudy,Partly cloudy throughout the day.,partly-cloudy-day,"16080099999,16076099999,AV128,16066099999,06777099999,06771099999"
"Milano, Lombardia, Italia",19/03/2022,14,4.2,9,14,3,8.2,-0.8,51.7,0,0,0,,0,0,27.4,19.7,97.3,1033.6,24.4,10,113.1,9.8,4,10,2022-03-19T06:28:34,2022-03-19T18:34:20,0.54,Partially cloudy,Partly cloudy throughout the day.,partly-cloudy-day,"16080099999,16076099999,AV128,16066099999,06777099999,06771099999"
"Milano, Lombardia, Italia",20/03/2022,13.1,1.9,8.7,13.1,0.4,7.9,-3.3,44.4,0,0,0,,0,0,25.9,17.6,100.2,1035,9.3,10,123.2,10.6,4,10,2022-03-20T06:26:40,2022-03-20T18:35:39,0.58,Clear,Clear conditions throughout the day.,clear-day,"16080099999,16076099999,AV128,16066099999,06771099999,LIML"
"Milano, Lombardia, Italia",21/03/2022,14,3.7,8.9,14,3.7,8.5,-3.5,42.8,0,0,0,,0,0,20.5,10.6,113.4,1035.5,28.6,10,113.8,9.7,4,10,2022-03-21T06:24:46,2022-03-21T18:36:57,0.61,Partially cloudy,Clearing in the afternoon.,partly-cloudy-day,"16080099999,16076099999,AV128,16066099999,06777099999,06771099999"
"Milano, Lombardia, Italia",22/03/2022,15,0.1,7.9,15,-2.4,7.8,-3.7,48.8,0,0,0,,0,0,20.5,12.6,106.1,1034.4,0,9.9,132,11.5,5,10,2022-03-22T06:22:52,2022-03-22T18:38:16,0.65,Clear,Clear conditions throughout the day.,clear-day,"16080099999,16076099999,AV128,16066099999,06777099999,06771099999,LIML"
"Milano, Lombardia, Italia",23/03/2022,19.9,0.1,10,19.9,0.1,10,-3.4,44.8,0.007,100,4.17,rain,0,0,22.3,7.7,240.6,1030.7,0,9.9,134.5,11.7,5,10,2022-03-23T06:20:58,2022-03-23T18:39:34,0.68,Rain,Clear conditions throughout the day with afternoon rain.,rain,"16080099999,16076099999,AV128,16066099999,06777099999,06771099999,LIML"
"Milano, Lombardia, Italia",24/03/2022,21,2.1,11.7,21,2.1,11.7,-3,41.6,0,0,0,,0,0,24.1,9.5,235.2,1026.3,0,10,137.1,11.7,5,10,2022-03-24T06:19:03,2022-03-24T18:40:53,0.72,Clear,Clear conditions throughout the day.,clear-day,"16080099999,16076099999,AV128,16066099999,06777099999,06771099999"
"Milano, Lombardia, Italia",25/03/2022,21,3.9,12.8,21,3.9,12.8,-3.8,34.8,0,0,0,,0,0,22.3,11.2,264.3,1024.6,0,10,136.5,11.8,5,10,2022-03-25T06:17:09,2022-03-25T18:42:11,0.75,Clear,Clear conditions throughout the day.,clear-day,"16080099999,16076099999,AV128,16066099999,06771099999"
"Milano, Lombardia, Italia",26/03/2022,21,4,12.7,21,4,12.7,-2.2,39,0,0,0,,0,0,25.9,12.5,100.6,1026,0,10,137.3,12,5,10,2022-03-26T06:15:15,2022-03-26T18:43:29,0.79,Clear,Clear conditions throughout the day.,clear-day,"16080099999,16076099999,AV128,16066099999,06771099999"
"Milano, Lombardia, Italia",27/03/2022,21,5.1,12.5,21,5.1,12.4,0.3,47.2,0,0,0,,0,0,27.7,10.9,81.2,1027.4,0,10,115.9,9.5,4,10,2022-03-27T07:13:21,2022-03-27T19:44:47,0.83,Clear,Clear conditions throughout the day.,clear-day,"16080099999,16076099999,AV128,16066099999,06771099999"
"Milano, Lombardia, Italia",28/03/2022,21,5,13.2,21,5,13.2,-0.9,43.3,0,0,0,,0,0,24.1,9.4,101.1,1024,0,9.7,139.3,12.1,5,10,2022-03-28T07:11:27,2022-03-28T19:46:05,0.86,Clear,Clear conditions throughout the day.,clear-day,"16080099999,16076099999,D4561,AV128,16066099999,06771099999"
"Milano, Lombardia, Italia",29/03/2022,18,7.9,11.7,18,6,11.5,3.7,59.4,0,0,0,,0,0,20.5,14.1,117.2,1014.5,24.7,8.7,99.5,8.6,4,10,2022-03-29T07:09:33,2022-03-29T19:47:23,0.9,Partially cloudy,Partly cloudy throughout the day.,partly-cloudy-day,"16080099999,16076099999,AV128,16066099999,06771099999"
"Milano, Lombardia, Italia",30/03/2022,12.9,9.8,11.3,12.9,8.2,11,8.1,80.6,0.445,100,50,rain,0,0,20.5,12.5,71.3,1004.7,78.7,6.9,36.9,3.2,2,10,2022-03-30T07:07:40,2022-03-30T19:48:41,0.93,"Rain, Partially cloudy",Partly cloudy throughout the day with rain.,rain,"16080099999,16076099999,AV128,16066099999,06777099999,06771099999"
"Milano, Lombardia, Italia",31/03/2022,15,9.9,11.9,15,8.8,11.7,8.6,81.8,4.116,100,20.83,rain,0,0,33.5,11.3,204.8,993.7,75.1,7,96.9,8.6,4,10,2022-03-31T07:05:46,2022-03-31T19:49:58,0.97,"Rain, Partially cloudy",Partly cloudy throughout the day with a chance of rain throughout the day.,rain,"16080099999,16076099999,D6875,AV128,16066099999,06771099999,LIML"
"Milano, Lombardia, Italia",01/04/2022,14.8,7,10.8,14.8,6,10.5,7.5,80.6,2.404,100,29.17,rain,0,0,35.3,28.1,60.3,991.1,70,9.8,100.5,8.6,4,10,2022-04-01T07:03:53,2022-04-01T19:51:16,0,"Rain, Partially cloudy",Partly cloudy throughout the day with rain.,rain,"16080099999,16076099999,D6875,AV128,16066099999,06771099999"
"Milano, Lombardia, Italia",02/04/2022,10,5,8,8.4,3.4,6.5,1.6,65.3,0.1,100,16.67,rain,0,0,29.5,19.5,61.3,999.1,64.1,10,86.3,7.4,4,10,2022-04-02T07:02:00,2022-04-02T19:52:34,0.04,"Rain, Partially cloudy",Partly cloudy throughout the day with rain in the morning and afternoon.,rain,"16080099999,16076099999,AV128,16066099999,06771099999,LIML"
"Milano, Lombardia, Italia",03/04/2022,10.8,0.8,6.6,10.8,-2.1,5.5,2.2,74.4,3.673,100,4.17,rain,0,0,31.8,18.2,71.1,1012.7,49.8,9.8,103.2,8.8,6,10,2022-04-03T07:00:08,2022-04-03T19:53:51,0.07,"Rain, Partially cloudy",Becoming cloudy in the afternoon with afternoon rain.,rain,"16080099999,16076099999,AV128,16066099999,06777099999,06771099999"
"Milano, Lombardia, Italia",04/04/2022,12.9,5.9,8.7,12.9,4.5,8.3,2.6,67.3,0.184,100,16.67,rain,0,0,18.4,10.7,102.1,1017.2,52.7,10,121.7,10.6,4,10,2022-04-04T06:58:15,2022-04-04T19:55:09,0.1,"Rain, Partially cloudy",Partly cloudy throughout the day with rain clearing later.,rain,"16080099999,16076099999,AV128,16066099999,06771099999"
"Milano, Lombardia, Italia",05/04/2022,18,2,10.2,18,2,10.2,2.4,62.9,0.183,100,4.17,rain,0,0,20.5,11.1,236.1,1012.4,1.1,10,168.9,14.4,5,10,2022-04-05T06:56:23,2022-04-05T19:56:26,0.13,Rain,Clear conditions throughout the day with late afternoon rain.,rain,"16080099999,16076099999,AV128,16066099999,06771099999"
"Milano, Lombardia, Italia",06/04/2022,16.9,4.9,11.1,16.9,3.9,10.9,4.8,67.2,0.014,100,4.17,rain,0,0,24.8,14.3,137,1009.6,11.2,8.8,141.3,12.1,4,10,2022-04-06T06:54:32,2022-04-06T19:57:44,0.17,Rain,Clear conditions throughout the day with afternoon rain.,rain,"16080099999,16076099999,AV128,16066099999,06777099999,06771099999"
"Milano, Lombardia, Italia",07/04/2022,21.5,8.6,13.8,21.5,7.2,13.5,4.9,56.6,0,0,0,,0,0,20.5,13.9,259.3,1003.8,16.5,10,157,13.4,7,10,2022-04-07T06:52:41,2022-04-07T19:59:01,0.2,Clear,Clear conditions throughout the day.,clear-day,"16080099999,16076099999,D6875,AV128,16066099999,06777099999,06771099999,LIML"
"Milano, Lombardia, Italia",08/04/2022,21.9,6.6,15.2,21.9,5,15.1,8.3,65.3,0.01,100,4.17,rain,0,0,33.5,12.3,190.7,1001.6,11.9,10,164.8,14.3,6,10,2022-04-08T06:50:50,2022-04-08T20:00:19,0.23,Rain,Clear conditions throughout the day with late afternoon rain.,rain,"16080099999,16076099999,AV128,16066099999,06777099999,06771099999"
"Milano, Lombardia, Italia",09/04/2022,18.9,8.2,14.4,18.9,4.8,14.2,0,47.7,0,0,0,rain,0,0,74.2,35.1,336,1001.1,23.2,10,185,16.1,6,10,2022-04-09T06:49:00,2022-04-09T20:01:36,0.25,Partially cloudy,Partly cloudy throughout the day.,partly-cloudy-day,"16080099999,16076099999,AV128,16066099999,LIML,06771099999"
"Milano, Lombardia, Italia",10/04/2022,17.9,2.9,10.8,17.9,2.9,10.2,-1.2,51.9,0,0,0,rain,0,0,57.6,18.1,242.7,1017.2,13.2,10,183.6,15.7,6,10,2022-04-10T06:47:11,2022-04-10T20:02:54,0.29,Clear,Clear conditions throughout the day.,clear-day,"16080099999,16076099999,AV128,16066099999,06771099999"
"Milano, Lombardia, Italia",11/04/2022,18,4,12,18,4,11.9,-1.1,43.3,0,0,0,,0,0,25.9,11.1,247.6,1020.3,1.2,10,181.2,15.6,6,10,2022-04-11T06:45:21,2022-04-11T20:04:11,0.33,Clear,Clear conditions throughout the day.,clear-day,"16080099999,16076099999,AV128,16066099999,06777099999,06771099999"
"Milano, Lombardia, Italia",12/04/2022,18.9,4.9,13.4,18.9,4.9,13.4,0.3,42.7,0,0,0,,0,0,24.1,10.8,182,1019.6,2.4,10,169.3,14.7,5,10,2022-04-12T06:43:33,2022-04-12T20:05:29,0.36,Clear,Clear conditions throughout the day.,clear-day,"16080099999,16076099999,AV128,16066099999,06777099999,06771099999,LIML"
"Milano, Lombardia, Italia",13/04/2022,20,8,14.7,20,6.5,14.6,5,53.8,0,0,0,,0,0,24.1,14.4,103.7,1018.9,1.1,10,153.5,13.4,5,10,2022-04-13T06:41:45,2022-04-13T20:06:46,0.39,Clear,Clear conditions throughout the day.,clear-day,"16080099999,16076099999,AV128,16066099999,06777099999,06771099999"
"Milano, Lombardia, Italia",14/04/2022,24,7,16,24,7,16,5.6,54.9,0,0,0,,0,0,21.3,14.1,116.2,1019.2,0,10,188.8,16.3,6,10,2022-04-14T06:39:58,2022-04-14T20:08:03,0.42,Clear,Clear conditions throughout the day.,clear-day,"16080099999,16076099999,AV128,16066099999,06777099999,06771099999,LIML"
"Milano, Lombardia, Italia",15/04/2022,25,9.8,17.3,25,9.4,17.3,6.4,51.5,0,0,0,,0,0,22.3,12.4,112.7,1018.7,0,10,180,15.4,6,10,2022-04-15T06:38:11,2022-04-15T20:09:21,0.46,Clear,Clear conditions throughout the day.,clear-day,"16080099999,16076099999,AV128,16066099999,06771099999"
"Milano, Lombardia, Italia",16/04/2022,24,9,17.4,24,9,17.4,6.8,52.5,0,0,0,,0,0,38.9,33.8,105.7,1017.2,8,10,185.8,15.9,6,30,2022-04-16T06:36:26,2022-04-16T20:10:38,0.5,Clear,Clear conditions throughout the day.,clear-day,"16080099999,16076099999,AV128,16066099999,06771099999"
"Milano, Lombardia, Italia",17/04/2022,17.9,9,13.5,17.9,7.3,13.4,2.2,47.8,0,0,0,rain,0,0,27.7,21,121.3,1019.6,13.6,10,191.8,16.5,6,10,2022-04-17T06:34:40,2022-04-17T20:11:56,0.52,Clear,Clear conditions throughout the day.,clear-day,"16080099999,16076099999,AV128,16066099999,06777099999,06771099999"
"Milano, Lombardia, Italia",18/04/2022,18,9.6,13.5,18,8.3,13.3,-0.1,40.2,0,0,0,,0,0,20.5,12.4,110.6,1015.2,16.2,10,195.4,17.1,6,10,2022-04-18T06:32:56,2022-04-18T20:13:13,0.56,Clear,Clear conditions throughout the day.,clear-day,"16080099999,16076099999,AV128,16066099999,06777099999,06771099999"
"Milano, Lombardia, Italia",19/04/2022,21.8,5.8,14.3,21.8,5.8,14.2,2.6,47.3,0,0,0,,0,0,25.9,15.9,236.6,1009.8,1.2,10,196.2,17,6,10,2022-04-19T06:31:13,2022-04-19T20:14:30,0.59,Clear,Clear conditions throughout the day.,clear-day,"16080099999,16076099999,AV128,16066099999,06777099999,06771099999"
"Milano, Lombardia, Italia",20/04/2022,16.9,8.3,13,16.9,7.2,12.9,5.9,62.9,0.021,100,4.17,rain,0,0,27.7,21.4,94.2,1011.9,61,10,116,10.1,5,10,2022-04-20T06:29:30,2022-04-20T20:15:47,0.63,"Rain, Partially cloudy",Partly cloudy throughout the day with afternoon rain.,rain,"16080099999,16076099999,AV128,16066099999,06777099999,06771099999,LIML"
"Milano, Lombardia, Italia",21/04/2022,16.7,10,12.9,16.7,10,12.9,3.4,53.8,0,0,0,rain,0,0,22.3,21,97.5,1009.2,67.4,10,89.2,7.6,5,10,2022-04-21T06:27:48,2022-04-21T20:17:05,0.66,Partially cloudy,Partly cloudy throughout the day.,partly-cloudy-day,"16080099999,16076099999,AV128,16066099999,06771099999"
"Milano, Lombardia, Italia",22/04/2022,16.1,9,12.4,16.1,7.4,12.2,8.3,77.1,0.183,100,4.17,rain,0,0,25.9,14.3,201.6,1002,76.5,9,101.7,8.9,3,10,2022-04-22T06:26:08,2022-04-22T20:18:22,0.7,"Rain, Partially cloudy",Partly cloudy throughout the day with morning rain.,rain,"16080099999,16076099999,AV128,16066099999,06771099999"
"Milano, Lombardia, Italia",23/04/2022,16.8,10.9,14,16.8,10.9,14,10.7,80.8,1.625,100,66.67,rain,0,0,59.4,30.2,103.6,1004.6,75.1,9.2,65.5,5.7,3,10,2022-04-23T06:24:28,2022-04-23T20:19:39,0.75,"Rain, Partially cloudy",Partly cloudy throughout the day with a chance of rain throughout the day.,rain,"16080099999,16076099999,AV128,16066099999,06777099999,06771099999"
"Milano, Lombardia, Italia",24/04/2022,16.8,8.1,12.7,16.8,5.8,12.5,8,74,6.044,100,25,rain,0,0,64.8,19.8,103.7,1004,56.8,10,124.2,10.7,5,10,2022-04-24T06:22:49,2022-04-24T20:20:56,0.77,"Rain, Partially cloudy",Partly cloudy throughout the day with rain clearing later.,rain,"16080099999,16076099999,D6875,AV128,16066099999,06777099999,06771099999"
"Milano, Lombardia, Italia",25/04/2022,19.9,9,14.8,19.9,8,14.8,8.9,69.5,0.116,100,16.67,rain,0,0,24.1,20.8,240.2,1008.6,68.2,9.9,163.2,14.3,6,10,2022-04-25T06:21:11,2022-04-25T20:22:13,0.81,"Rain, Partially cloudy",Partly cloudy throughout the day with late afternoon rain.,rain,"16080099999,16076099999,AV128,16066099999,06771099999"
"Milano, Lombardia, Italia",26/04/2022,17.8,9.7,13.5,17.8,9.6,13.5,11.4,87.7,28.403,100,50,rain,0,0,13.2,10.9,62,1013,64.4,9.7,90,7.8,5,10,2022-04-26T06:19:34,2022-04-26T20:23:30,0.84,"Rain, Partially cloudy",Partly cloudy throughout the day with a chance of rain throughout the day.,rain,"16080099999,16076099999,D6875,AV128,16066099999,06777099999,06771099999"
"Milano, Lombardia, Italia",27/04/2022,21.9,7.9,15.5,21.9,7.9,15.5,9,68.9,0,0,0,,0,0,22.3,12.6,104.8,1017.2,13.6,9.4,186.5,16.2,6,10,2022-04-27T06:17:58,2022-04-27T20:24:46,0.88,Clear,Clear conditions throughout the day.,clear-day,"16080099999,16076099999,AV128,16066099999,06771099999"
"Milano, Lombardia, Italia",28/04/2022,21,12.8,16.8,21,12.8,16.8,7.4,55.2,0,0,0,,0,0,24.1,15.7,104.8,1022.3,23.6,10,194.5,16.9,6,10,2022-04-28T06:16:24,2022-04-28T20:26:03,0.91,Partially cloudy,Clearing in the afternoon.,partly-cloudy-day,"16080099999,16076099999,D6875,AV128,16066099999,06771099999"
"Milano, Lombardia, Italia",29/04/2022,21.9,13.7,17.4,21.9,13.7,17.4,6.5,50.6,0,0,0,,0,0,20.5,12.6,106,1023.7,39.8,10,193.1,16.6,6,10,2022-04-29T06:14:50,2022-04-29T20:27:19,0.95,Partially cloudy,Partly cloudy throughout the day.,partly-cloudy-day,"16080099999,16076099999,D6875,AV128,16066099999,06771099999"
"Milano, Lombardia, Italia",30/04/2022,21.9,12,16.9,21.9,12,16.9,5.4,48.5,0,0,0,,0,0,22.1,11.1,93.3,1019.4,63,10,138,11.8,5,10,2022-04-30T06:13:18,2022-04-30T20:28:35,0,Partially cloudy,Partly cloudy throughout the day.,partly-cloudy-day,"16080099999,16076099999,AV128,16066099999,06777099999,06771099999"
"Milano, Lombardia, Italia",01/05/2022,21.1,12.6,16.8,21.1,12.6,16.8,7.5,55.8,0.015,100,4.17,rain,0,0,31.7,17.5,101.9,1015.6,34.6,10,189.1,16.3,6,10,2022-05-01T06:11:47,2022-05-01T20:29:51,0.02,"Rain, Partially cloudy",Partly cloudy throughout the day with morning rain.,rain,"16080099999,16076099999,AV128,16066099999,06777099999,06771099999"
"Milano, Lombardia, Italia",02/05/2022,21.9,8.6,16.8,21.9,7.7,16.8,8.2,59.4,0.018,100,8.33,rain,0,0,31.7,14.2,106.2,1014,38.8,10,188.1,16.4,6,10,2022-05-02T06:10:17,2022-05-02T20:31:07,0.05,"Rain, Partially cloudy",Partly cloudy throughout the day with early morning rain.,rain,"16080099999,16076099999,AV128,16066099999,06777099999,06771099999"
"Milano, Lombardia, Italia",03/05/2022,21.7,13,17.4,21.7,13,17.4,9.6,61.7,0.157,100,16.67,rain,0,0,25.9,23.4,26.4,1014.5,69.1,9.9,141.5,12.1,5,10,2022-05-03T06:08:49,2022-05-03T20:32:23,0.08,"Rain, Partially cloudy",Partly cloudy throughout the day with rain clearing later.,rain,"16080099999,16076099999,D6875,AV128,16066099999,06777099999,06771099999"
"Milano, Lombardia, Italia",04/05/2022,21.8,13.9,17.1,21.8,13.9,17.1,11.5,71.5,0.235,100,29.17,rain,0,0,18.4,16.3,328.7,1016.6,59.5,9.8,144.8,12.5,6,10,2022-05-04T06:07:22,2022-05-04T20:33:38,0.12,"Rain, Partially cloudy",Partly cloudy throughout the day with a chance of rain throughout the day.,rain,"16080099999,16076099999,D6875,AV128,16066099999,06771099999"
"Milano, Lombardia, Italia",05/05/2022,18,12,14.7,18,12,14.7,11.4,81.1,12.451,100,37.5,rain,0,0,18.4,17.9,53.6,1018.8,81.7,8.4,46.2,4.1,2,10,2022-05-05T06:05:56,2022-05-05T20:34:53,0.15,"Rain, Partially cloudy",Partly cloudy throughout the day with rain.,rain,"16080099999,16076099999,D6875,AV128,16066099999,06777099999,06771099999"
"Milano, Lombardia, Italia",06/05/2022,14.2,12,13.5,14.2,12,13.5,12.7,94.9,19.908,100,75,rain,0,0,11.2,12.4,20.5,1019.5,90,7.5,36.1,3,1,10,2022-05-06T06:04:32,2022-05-06T20:36:07,0.18,"Rain, Partially cloudy",Partly cloudy throughout the day with a chance of rain throughout the day.,rain,"16080099999,16076099999,D6875,AV128,16066099999,06771099999"
"Milano, Lombardia, Italia",07/05/2022,19,12,15.7,19,12,15.7,12.7,83.2,0.625,100,25,rain,0,0,20.5,15.8,103.2,1019.1,74.1,8.4,101.5,8.9,3,10,2022-05-07T06:03:09,2022-05-07T20:37:22,0.21,"Rain, Partially cloudy",Partly cloudy throughout the day with rain.,rain,"16080099999,16076099999,D6875,AV128,16066099999,06771099999"
"Milano, Lombardia, Italia",08/05/2022,20.9,11.3,17.1,20.9,11.3,17.1,12.5,76,4.853,100,45.83,rain,0,0,22.3,12.8,31.4,1019.5,78.1,9.6,131.6,11.4,5,10,2022-05-08T06:01:48,2022-05-08T20:38:36,0.25,"Rain, Partially cloudy",Partly cloudy throughout the day with a chance of rain throughout the day.,rain,"16080099999,16076099999,AV128,16066099999,06777099999,06771099999"
"Milano, Lombardia, Italia",09/05/2022,23.9,11.9,18.9,23.9,11.9,18.9,12.5,69.5,0.003,100,4.17,rain,0,0,18.4,11,284.6,1022,46.3,10,203.3,17.6,6,10,2022-05-09T06:00:28,2022-05-09T20:39:49,0.25,"Rain, Partially cloudy",Partly cloudy throughout the day with early morning rain.,rain,"16080099999,16076099999,AV128,16066099999,06777099999,06771099999,LIML"
"Milano, Lombardia, Italia",10/05/2022,26.9,13.9,20.6,26.9,13.9,20.6,12.9,64.7,0,0,0,rain,0,0,24.1,9.6,261.9,1020.9,17.1,10,217.1,18.8,6,10,2022-05-10T05:59:10,2022-05-10T20:41:02,0.31,Clear,Clear conditions throughout the day.,clear-day,"16080099999,16076099999,AV128,16066099999,06777099999,06771099999"
"Milano, Lombardia, Italia",11/05/2022,27.9,13.1,21.6,27.4,13.1,21.5,11.9,57.2,0,0,0,,0,0,18.4,10.8,250.1,1019.5,0.5,10,216.1,18.7,6,10,2022-05-11T05:57:53,2022-05-11T20:42:15,0.34,Clear,Clear conditions throughout the day.,clear-day,"16080099999,16076099999,AV128,16066099999,06777099999,06771099999"
"Milano, Lombardia, Italia",12/05/2022,27.9,16.7,22,28.2,16.7,22,13.3,59.1,0,0,0,,0,0,20.5,15.8,255.3,1019.6,1.3,10,218.5,18.9,6,10,2022-05-12T05:56:38,2022-05-12T20:43:27,0.38,Clear,Clear conditions throughout the day.,clear-day,"16080099999,16076099999,AV128,16066099999,06771099999"
"Milano, Lombardia, Italia",13/05/2022,27.8,16.6,21.8,27.9,16.6,21.8,12.6,57,0.003,100,4.17,rain,0,0,22.3,12.5,253.5,1018.3,3.5,10,213.8,18.5,6,10,2022-05-13T05:55:25,2022-05-13T20:44:38,0.41,Rain,Clear conditions throughout the day with morning rain.,rain,"16080099999,16076099999,D6875,AV128,16066099999,06777099999,06771099999,LIML"
"Milano, Lombardia, Italia",14/05/2022,27.9,16.2,22.5,27.6,16.2,22.5,13,56.3,0.232,100,25,rain,0,0,24.1,10.9,247.2,1017.8,26.6,10,198.6,17,6,10,2022-05-14T05:54:14,2022-05-14T20:45:49,0.44,"Rain, Partially cloudy",Clearing in the afternoon with a chance of rain throughout the day.,rain,"16080099999,16076099999,AV128,16066099999,06777099999,06771099999,LIML"
"Milano, Lombardia, Italia",15/05/2022,28.9,17.9,23.6,29,17.9,23.7,14.7,58.6,0,0,0,,0,0,18.4,9.5,206.5,1017.4,18.2,10,210.6,18,6,30,2022-05-15T05:53:04,2022-05-15T20:46:59,0.48,Clear,Clear conditions throughout the day.,clear-day,"16080099999,16076099999,D6875,AV128,16066099999,06777099999,06771099999"
"Milano, Lombardia, Italia",16/05/2022,29.8,18.8,24.2,29.3,18.8,24,12.3,48.2,0,0,0,,0,0,29.5,12.9,264.3,1017.6,12.1,10,223.4,19.3,7,30,2022-05-16T05:51:56,2022-05-16T20:48:08,0.5,Clear,Clear conditions throughout the day.,clear-day,"16080099999,16076099999,AV128,16066099999,06777099999,06771099999,LIML"
"Milano, Lombardia, Italia",17/05/2022,30.9,16.5,24,29.8,16.5,23.7,13,53.4,5.478,100,4.17,rain,0,0,22.3,10.7,242.1,1017.3,3.2,10,282.3,24.1,9,10,2022-05-17T05:50:50,2022-05-17T20:49:17,0.54,Rain,Clear conditions throughout the day with afternoon rain.,rain,"16080099999,16076099999,AV128,16066099999,06777099999,06771099999,LIML"
"Milano, Lombardia, Italia",18/05/2022,28.9,17,24,29.3,17,24.1,14.9,58,0,0,0,,0,0,31.7,21.8,115.2,1019.9,14.4,10,211.9,18,6,30,2022-05-18T05:49:45,2022-05-18T20:50:25,0.58,Clear,Clear conditions throughout the day.,clear-day,"16080099999,16076099999,AV128,16066099999,06777099999,06771099999"
"Milano, Lombardia, Italia",19/05/2022,28,19.9,23.8,27.3,19.9,23.7,9.8,41.7,0,0,0,,0,0,27.7,15.7,110.2,1025.4,19.3,10,220,18.8,7,10,2022-05-19T05:48:43,2022-05-19T20:51:32,0.61,Clear,Clear conditions throughout the day.,clear-day,"16080099999,16076099999,AV128,16066099999,06777099999,06771099999"
"Milano, Lombardia, Italia",20/05/2022,30.9,16.9,24.2,30.2,16.9,24.1,12.8,50.7,0,0,0,,0,0,24.1,14.3,242.5,1024.2,1.1,10,219.5,18.9,6,30,2022-05-20T05:47:42,2022-05-20T20:52:39,0.65,Clear,Clear conditions throughout the day.,clear-day,"16080099999,16076099999,AV128,16066099999,06771099999"
"Milano, Lombardia, Italia",21/05/2022,31.9,18.7,25,32.2,18.7,25.2,15.6,57.2,0,0,0,,0,0,22.3,15.4,256.1,1017.3,8,10,211.5,18.2,6,60,2022-05-21T05:46:44,2022-05-21T20:53:44,0.68,Clear,Clear conditions throughout the day.,clear-day,"16080099999,16076099999,AV128,16066099999,06771099999"
"Milano, Lombardia, Italia",22/05/2022,28.9,17.9,24.2,29.1,17.9,24.4,16.1,61.2,0.01,100,4.17,rain,0,0,22.3,17.4,254.7,1012,13.1,10,154.8,13.3,5,60,2022-05-22T05:45:47,2022-05-22T20:54:48,0.75,Rain,Clear conditions throughout the day with late afternoon rain.,rain,"16080099999,16076099999,AV128,16066099999,06771099999"
"Milano, Lombardia, Italia",23/05/2022,27.9,20.8,24.2,28.2,20.8,24.2,14.2,55.8,0.007,100,4.17,rain,0,0,22.4,14.3,250.7,1007.3,49.9,10,195.2,16.9,6,30,2022-05-23T05:44:53,2022-05-23T20:55:52,0.75,"Rain, Partially cloudy",Partly cloudy throughout the day with early morning rain.,rain,"16080099999,16076099999,AV128,16066099999,06777099999,06771099999"
"Milano, Lombardia, Italia",24/05/2022,27.8,17,21.8,27.8,17,21.8,13.3,60.3,2.981,100,20.83,rain,0,0,27.7,29.8,351.3,1005.6,50,9.7,187.6,16.2,6,30,2022-05-24T05:44:00,2022-05-24T20:56:54,0.79,"Rain, Partially cloudy",Partly cloudy throughout the day with late afternoon rain.,rain,"16080099999,16076099999,AV128,16066099999,06771099999"
"Milano, Lombardia, Italia",25/05/2022,25.8,17.9,21.3,25.8,17.9,21.3,15.7,71.6,1.109,100,41.67,rain,0,0,33.5,12.5,0.9,1012.1,60.4,9.9,121.8,10.6,4,10,2022-05-25T05:43:10,2022-05-25T20:57:55,0.82,"Rain, Partially cloudy",Partly cloudy throughout the day with a chance of rain throughout the day.,rain,"16080099999,16076099999,AV128,16066099999,06777099999,06771099999"
"Milano, Lombardia, Italia",26/05/2022,28.9,15.2,23.2,29.1,15.2,23.3,16.3,66.9,0,0,0,,0,0,18.4,12.7,88,1018.8,27.4,10,178.4,15.4,6,30,2022-05-26T05:42:21,2022-05-26T20:58:55,0.86,Partially cloudy,Partly cloudy throughout the day.,partly-cloudy-day,"16080099999,16076099999,AV128,16066099999,06777099999,06771099999,LIML"
"Milano, Lombardia, Italia",27/05/2022,31.8,18.9,25.2,31.8,18.9,25.3,16.8,62.3,0,0,0,,0,0,16.6,10.8,277.7,1016.4,9,9.9,204.6,17.7,6,30,2022-05-27T05:41:35,2022-05-27T20:59:54,0.89,Clear,Clear conditions throughout the day.,clear-day,"16080099999,16076099999,AV128,16066099999,06771099999"
"Milano, Lombardia, Italia",28/05/2022,30.9,17.1,23.4,30.4,17.1,23.4,15.8,64.7,0.514,100,4.17,rain,0,0,46.4,38.6,97.9,1007.8,24.1,9.8,194.1,16.7,6,60,2022-05-28T05:40:51,2022-05-28T21:00:52,0.93,"Rain, Partially cloudy",Becoming cloudy in the afternoon with late afternoon rain.,rain,"16080099999,16076099999,AV128,16066099999,06777099999,06771099999"
"Milano, Lombardia, Italia",29/05/2022,20.4,13.9,16.8,20.4,13.9,16.8,9.9,65.3,2.422,100,54.17,rain,0,0,40.7,27.9,112.7,1007.5,70.8,10,131.5,11.4,6,10,2022-05-29T05:40:09,2022-05-29T21:01:48,0.96,"Rain, Partially cloudy",Partly cloudy throughout the day with a chance of rain throughout the day.,rain,"16080099999,16076099999,D6875,AV128,16066099999,06771099999,LIML"
"Milano, Lombardia, Italia",30/05/2022,20.9,13.1,17.3,20.9,13.1,17.3,10.4,65.6,0,0,0,rain,0,0,14.8,17.5,123.8,1009.9,79,10,150.2,12.9,6,10,2022-05-30T05:39:30,2022-05-30T21:02:43,0,Partially cloudy,Partly cloudy throughout the day.,partly-cloudy-day,"16080099999,16076099999,AV128,16066099999,06777099999,06771099999"
"Milano, Lombardia, Italia",31/05/2022,23.9,16.9,20.2,23.9,16.9,20.2,13.7,66.8,0.082,100,8.33,rain,0,0,22.3,14.2,96.9,1014.1,72,10,136.1,11.5,5,10,2022-05-31T05:38:52,2022-05-31T21:03:37,0.03,"Rain, Partially cloudy",Partly cloudy throughout the day with rain in the morning and afternoon.,rain,"16080099999,16076099999,AV128,16066099999,06777099999,06771099999"
"Milano, Lombardia, Italia",01/06/2022,27.8,15.9,22.7,27.9,15.9,22.7,14.5,62.1,0,0,0,,0,0,25.9,11,241.8,1014.6,57.2,10,217,18.7,6,10,2022-06-01T05:38:17,2022-06-01T21:04:29,0.06,Partially cloudy,Partly cloudy throughout the day.,partly-cloudy-day,"16080099999,16076099999,AV128,16066099999,06777099999,06771099999"
"Milano, Lombardia, Italia",02/06/2022,29.9,17.9,24.5,29.6,17.9,24.5,15.5,59.6,0,0,0,rain,0,0,16.6,10.8,235.6,1015.7,21.1,9.8,263.5,22.7,9,30,2022-06-02T05:37:44,2022-06-02T21:05:19,0.1,Partially cloudy,Partly cloudy throughout the day.,partly-cloudy-day,"16080099999,16076099999,AV128,16066099999,06777099999,06771099999"
"Milano, Lombardia, Italia",03/06/2022,25.8,18.9,22.4,25.8,18.9,22.4,18.2,77.5,1.31,100,20.83,rain,0,0,25.9,21.3,98.5,1017.9,54.7,9,77.3,6.8,3,30,2022-06-03T05:37:14,2022-06-03T21:06:08,0.13,"Rain, Partially cloudy",Partly cloudy throughout the day with rain.,rain,"16080099999,16076099999,AV128,16066099999,06777099999,06771099999"
"Milano, Lombardia, Italia",04/06/2022,30.9,16.9,24,30.9,16.9,24.1,16.9,68.4,0,0,0,,0,0,16.6,9.4,268.2,1017.6,2.3,10,202.7,17.5,6,10,2022-06-04T05:36:45,2022-06-04T21:06:56,0.16,Clear,Clear conditions throughout the day.,clear-day,"16080099999,16076099999,AV128,16066099999,06771099999"
"Milano, Lombardia, Italia",05/06/2022,29.9,19,24.2,31.8,19,24.6,17.7,68.2,0.415,100,12.5,rain,0,0,61.2,26.6,78.7,1014.4,22.7,9.8,160.5,13.8,5,60,2022-06-05T05:36:19,2022-06-05T21:07:41,0.2,"Rain, Partially cloudy",Partly cloudy throughout the day with rain.,rain,"16080099999,16076099999,AV128,16066099999,06777099999,06771099999,LIML"
"Milano, Lombardia, Italia",06/06/2022,30,15.9,24.2,30,15.9,24.2,15.4,60.9,0,0,0,rain,0,0,18.4,12.4,113.2,1014.3,13.2,10,225.2,19.5,6,30,2022-06-06T05:35:56,2022-06-06T21:08:25,0.23,Clear,Clear conditions throughout the day.,clear-day,"16080099999,16076099999,AV128,16066099999,06771099999"
"Milano, Lombardia, Italia",07/06/2022,27.8,18.9,23.3,27.9,18.9,23.3,16.4,66.9,2.556,100,20.83,rain,0,0,22.3,21.2,95.6,1011.5,50.7,10,175.9,15.2,6,30,2022-06-07T05:35:34,2022-06-07T21:09:08,0.25,"Rain, Partially cloudy",Partly cloudy throughout the day with a chance of rain throughout the day.,rain,"16080099999,16076099999,AV128,16066099999,06777099999,06771099999"
"Milano, Lombardia, Italia",08/06/2022,27,15,21.6,26.9,15,21.6,14.1,64.9,2.762,100,8.33,rain,0,0,27.7,12.9,98.3,1008.9,40.3,10,161.5,13.9,5,30,2022-06-08T05:35:15,2022-06-08T21:09:48,0.3,"Rain, Partially cloudy",Becoming cloudy in the afternoon with late afternoon rain.,rain,"16080099999,16076099999,AV128,16066099999,06771099999"
"Milano, Lombardia, Italia",09/06/2022,28.8,13.6,22.2,27.7,13.6,22,11.2,56.6,0.954,100,8.33,rain,0,0,50,23.8,18.7,1008,16.3,10,227.4,19.5,6,10,2022-06-09T05:34:59,2022-06-09T21:10:27,0.33,Rain,Clear conditions throughout the day with rain.,rain,"16080099999,16076099999,AV128,16066099999,06777099999,06771099999,LIML"
"Milano, Lombardia, Italia",10/06/2022,30.8,17.9,24.4,28.9,17.9,23.8,6.2,32.9,0,0,0,,0,0,53.6,13.3,289.5,1015,0,10,240.1,20.7,6,10,2022-06-10T05:34:45,2022-06-10T21:11:03,0.36,Clear,Clear conditions throughout the day.,clear-day,"16080099999,16076099999,AV128,16066099999,06777099999,06771099999,LIML"
"Milano, Lombardia, Italia",11/06/2022,30.9,15,24.2,29.6,15,23.8,11.9,49.3,0,0,0,,0,0,16.6,14.1,131.3,1018.6,2.4,10,233.3,20.1,6,10,2022-06-11T05:34:33,2022-06-11T21:11:38,0.4,Clear,Clear conditions throughout the day.,clear-day,"16080099999,16076099999,AV128,16066099999,06777099999,06771099999"
"Milano, Lombardia, Italia",12/06/2022,32.9,17.8,25.9,31.6,17.8,25.6,13.9,50.1,0,0,0,,0,0,19.1,12.7,201,1018.9,0,10,222.5,19.3,6,10,2022-06-12T05:34:23,2022-06-12T21:12:11,0.43,Clear,Clear conditions throughout the day.,clear-day,"16080099999,16076099999,AV128,16066099999,06777099999,06771099999"
"Milano, Lombardia, Italia",13/06/2022,33.7,20.8,27.4,32.9,20.8,27.2,15.6,51.3,0.077,100,4.17,rain,0,0,18.4,13.9,162.8,1014.5,15.6,10,228.4,19.6,6,30,2022-06-13T05:34:16,2022-06-13T21:12:41,0.46,Rain,Clear conditions throughout the day with late afternoon rain.,rain,"16080099999,16076099999,AV128,16066099999,06771099999"
"Milano, Lombardia, Italia",14/06/2022,30.8,20.7,26.3,31,20.7,26.4,16.3,55.2,0,0,0,,0,0,30.5,21.2,110.2,1016.6,29.2,10,213.2,18.3,6,30,2022-06-14T05:34:11,2022-06-14T21:13:10,0.5,Partially cloudy,Partly cloudy throughout the day.,partly-cloudy-day,"16080099999,16076099999,D8587,AV128,16066099999,06777099999,06771099999"
"Milano, Lombardia, Italia",15/06/2022,30.8,21.6,26.5,31.4,21.6,26.7,15.9,53,0.008,100,4.17,rain,0,0,35.2,11,118.3,1017.6,51.3,10,190.4,16.6,6,30,2022-06-15T05:34:09,2022-06-15T21:13:37,0.53,"Rain, Partially cloudy",Partly cloudy throughout the day with late afternoon rain.,rain,"16080099999,16076099999,AV128,16066099999,06777099999,06771099999,LIML"
"Milano, Lombardia, Italia",16/06/2022,33.9,19.9,27.7,35.1,19.9,28.3,17.8,57.1,0.025,100,4.17,rain,0,0,39.3,15.3,201.4,1016.1,20.7,10,221.5,19.4,6,30,2022-06-16T05:34:09,2022-06-16T21:14:01,0.57,"Rain, Partially cloudy",Clearing in the afternoon with early morning rain.,rain,"16080099999,16076099999,AV128,16066099999,06777099999,06771099999,LIML"
"Milano, Lombardia, Italia",17/06/2022,33.9,22.4,28.5,34.5,22.4,29.1,17.8,53.8,0,0,0,,0,0,14.8,12.1,144.7,1017.8,38.2,10,208.1,18.1,6,30,2022-06-17T05:34:11,2022-06-17T21:14:23,0.6,Partially cloudy,Partly cloudy throughout the day.,partly-cloudy-day,"16080099999,16076099999,AV128,16066099999,06771099999,LIML"
"Milano, Lombardia, Italia",18/06/2022,32.4,23.8,28.3,32,23.8,28.3,15.1,45.1,0,0,0,,0,0,18.4,21.7,106.7,1019.7,32.4,10,223.7,19.3,6,10,2022-06-18T05:34:15,2022-06-18T21:14:43,0.63,Partially cloudy,Partly cloudy throughout the day.,partly-cloudy-day,"16080099999,16076099999,AV128,16066099999,06771099999,LIML"
"Milano, Lombardia, Italia",19/06/2022,33,22.9,28.5,32.9,22.9,28.3,15,45.2,0,0,0,,0,0,18.4,12.8,107.6,1015.4,16.4,10,226.6,19.5,6,10,2022-06-19T05:34:22,2022-06-19T21:15:01,0.67,Clear,Clear conditions throughout the day.,clear-day,"16080099999,16076099999,AV128,16066099999,06771099999,LIML"
"Milano, Lombardia, Italia",20/06/2022,33.5,21,27.6,33.9,21,27.6,16,51.2,0,0,0,,0,0,32.4,15.5,227.2,1012,17.9,10.6,225.5,19.5,6,10,2022-06-20T05:34:31,2022-06-20T21:15:16,0.7,Clear,Clear conditions throughout the day.,clear-day,"16080099999,16076099999,AV128,16066099999,06771099999,LIML"
"Milano, Lombardia, Italia",21/06/2022,32.9,17.9,27.3,33.9,17.9,27.7,17,54.4,0,0,0,rain,0,0,28.8,16.8,246.7,1011.6,32,9.9,197,16.9,6,30,2022-06-21T05:34:43,2022-06-21T21:15:30,0.75,Partially cloudy,Partly cloudy throughout the day.,partly-cloudy-day,"16080099999,16076099999,AV128,16066099999,06771099999,LIML"
"Milano, Lombardia, Italia",22/06/2022,28.5,21.7,25,29.7,21.7,25.2,18,66,0.7,100,29.17,rain,0,0,28,12.9,100.1,1011.7,56.1,9.8,105.8,9.3,5,10,2022-06-22T05:34:56,2022-06-22T21:15:41,0.77,"Rain, Partially cloudy",Partly cloudy throughout the day with rain.,rain,"16080099999,16076099999,AV128,16066099999,06777099999,06771099999,LIML"
"Milano, Lombardia, Italia",23/06/2022,28.8,18.9,24.8,30,18.9,25.3,18.9,71.9,0.856,100,20.83,rain,0,0,35.1,17.7,202.6,1012.2,48,10,153,13.1,6,30,2022-06-23T05:35:12,2022-06-23T21:15:49,0.81,"Rain, Partially cloudy",Becoming cloudy in the afternoon with late afternoon rain.,rain,"16080099999,16076099999,AV128,16066099999,06777099999,06771099999,LIML"
"Milano, Lombardia, Italia",24/06/2022,29.5,18.9,24,29.2,18.9,24,16.9,66.4,2.213,100,33.33,rain,0,0,41.5,26.9,142.7,1010.5,48.4,10,172.2,14.9,6,30,2022-06-24T05:35:30,2022-06-24T21:15:56,0.84,"Rain, Partially cloudy",Partly cloudy throughout the day with a chance of rain throughout the day.,rain,"16080099999,16076099999,AV128,16066099999,06777099999,06771099999,LIML"
"Milano, Lombardia, Italia",25/06/2022,30.6,16.8,24,30.8,16.8,24.1,16,63.6,0,0,0,,0,0,21.6,10.7,229.6,1012.4,30.8,10,213.1,18.3,6,10,2022-06-25T05:35:50,2022-06-25T21:16:00,0.87,Partially cloudy,Partly cloudy throughout the day.,partly-cloudy-day,"16080099999,16076099999,D8587,AV128,16066099999,06777099999,06771099999,LIML"
"Milano, Lombardia, Italia",26/06/2022,31.7,18.8,24.9,31.9,18.8,25,15.9,58.9,0.01,100,8.33,rain,0,0,23.1,11.2,85.6,1014.1,61.2,13.5,270.4,23.2,9,10,2022-06-26T05:36:13,2022-06-26T21:16:01,0.91,"Rain, Partially cloudy",Becoming cloudy in the afternoon with late afternoon rain.,rain,"16080099999,16076099999,D6875,16066099999,06777099999,06771099999,LIML"
"Milano, Lombardia, Italia",27/06/2022,32.7,20.9,28.1,33.4,20.9,28.5,17.5,54.2,0,0,0,rain,0,0,31,14.3,115.4,1014.1,31.4,10,203.4,17.5,6,30,2022-06-27T05:36:37,2022-06-27T21:16:00,0.94,Partially cloudy,Partly cloudy throughout the day.,partly-cloudy-day,"16080099999,16076099999,AV128,16066099999,06777099999,06771099999,LIML"
"Milano, Lombardia, Italia",28/06/2022,29.5,20.8,25.2,30.7,20.8,25.4,17.6,63.2,3.034,100,12.5,rain,0,0,45.3,27.9,53.3,1013.4,63.5,11,100.3,8.5,3,30,2022-06-28T05:37:04,2022-06-28T21:15:57,0.98,"Rain, Partially cloudy",Partly cloudy throughout the day with afternoon rain.,rain,"16080099999,16076099999,D6875,AV128,16066099999,06777099999,06771099999"
"Milano, Lombardia, Italia",29/06/2022,31.7,19.9,25.4,31.6,19.9,25.6,17.1,62.1,0.018,100,12.5,rain,0,0,39,12.8,244.9,1011,38,10,218.2,18.7,6,30,2022-06-29T05:37:32,2022-06-29T21:15:51,0,"Rain, Partially cloudy",Partly cloudy throughout the day with early morning rain.,rain,"16080099999,16076099999,AV128,16066099999,06777099999,06771099999,LIML"
"Milano, Lombardia, Italia",30/06/2022,30.7,20.7,26.4,31.4,20.7,26.7,17.6,60.4,0.002,100,4.17,rain,0,0,22.4,11.3,217.5,1011.5,34.2,10,213.4,18.4,6,60,2022-06-30T05:38:03,2022-06-30T21:15:43,0.04,"Rain, Partially cloudy",Partly cloudy throughout the day with early morning rain.,rain,"16080099999,16076099999,AV128,16066099999,06777099999,06771099999,LIML"
"Milano, Lombardia, Italia",01/07/2022,31.6,22.6,27,31.1,22.6,26.9,15.3,50.1,0.099,100,20.83,rain,0,0,42,10.7,238.1,1012.4,43.4,10,210.8,18.2,6,30,2022-07-01T05:38:35,2022-07-01T21:15:33,0.08,"Rain, Partially cloudy",Partly cloudy throughout the day with rain clearing later.,rain,"16080099999,16076099999,AV128,16066099999,06777099999,06771099999,LIML"
"Milano, Lombardia, Italia",02/07/2022,33.6,19.8,27.3,33.2,19.8,27.3,16.2,53,0,0,0,,0,0,17.3,10.8,181.6,1017.4,21.5,10,223.1,19.2,6,10,2022-07-02T05:39:09,2022-07-02T21:15:20,0.11,Partially cloudy,Partly cloudy throughout the day.,partly-cloudy-day,"16080099999,16076099999,AV128,16066099999,06777099999,06771099999,LIML"
"Milano, Lombardia, Italia",03/07/2022,35.7,21.8,28.8,36.9,21.8,29.3,17.7,53.8,0,0,0,,0,0,22.6,11.2,224.1,1016.2,15.1,10,218.8,18.9,6,10,2022-07-03T05:39:45,2022-07-03T21:15:05,0.15,Clear,Clear conditions throughout the day.,clear-day,"16080099999,16076099999,AV128,16066099999,06777099999,06771099999,LIML"
"Milano, Lombardia, Italia",04/07/2022,33.4,20.9,27.2,33.8,20.9,27.4,16.9,55.1,0.703,100,41.67,rain,0,0,62.8,18.1,24.7,1015.2,43.4,10,166.8,14.4,6,30,2022-07-04T05:40:23,2022-07-04T21:14:47,0.18,"Rain, Partially cloudy",Partly cloudy throughout the day with a chance of rain throughout the day.,rain,"16080099999,16076099999,AV128,16066099999,06777099999,06771099999"
"Milano, Lombardia, Italia",05/07/2022,34,19.8,27.1,34.4,19.8,27.3,17.2,58.1,0.922,100,8.33,rain,0,0,42.6,15.8,251.4,1014.1,25.4,10,219.6,18.9,6,10,2022-07-05T05:41:03,2022-07-05T21:14:27,0.21,"Rain, Partially cloudy",Partly cloudy throughout the day with rain clearing later.,rain,"16080099999,16076099999,AV128,16066099999,06777099999,06771099999,LIML"
"Milano, Lombardia, Italia",06/07/2022,31.7,22.6,27.4,31.5,22.6,27.5,16.4,52,0,0,0,rain,0,0,29.5,14.6,113.9,1016.4,33.1,10,209.7,18.2,6,10,2022-07-06T05:41:45,2022-07-06T21:14:05,0.25,Partially cloudy,Clearing in the afternoon.,partly-cloudy-day,"16080099999,16076099999,AV128,16066099999,06777099999,06771099999,LIML"
"Milano, Lombardia, Italia",07/07/2022,32.7,21.8,27.6,32.2,21.8,27.2,14.1,46.6,0.02,100,8.33,rain,0,0,64.4,36.7,58.6,1015.5,37.1,10,210.6,18.1,6,10,2022-07-07T05:42:28,2022-07-07T21:13:40,0.25,"Rain, Partially cloudy",Partly cloudy throughout the day with rain clearing later.,rain,"16080099999,16076099999,AV128,16066099999,06777099999,06771099999,LIML"
"Milano, Lombardia, Italia",08/07/2022,31.8,18.7,25.6,30.3,18.7,25.2,13.6,51,0,0,0,,0,0,63.5,20.5,121.1,1019.2,10.8,10,221.5,19,6,10,2022-07-08T05:43:13,2022-07-08T21:13:13,0.32,Clear,Clear conditions throughout the day.,clear-day,"16080099999,16076099999,AV128,16066099999,06777099999,06771099999,LIML"
"Milano, Lombardia, Italia",09/07/2022,29.8,17.7,25.4,29,17.7,25.2,12.3,44.7,0,0,0,,0,0,30.1,17.4,103.1,1020,12.5,10,218.8,18.8,6,10,2022-07-09T05:43:59,2022-07-09T21:12:43,0.35,Clear,Clear conditions throughout the day.,clear-day,"16080099999,16076099999,AV128,16066099999,06777099999,06771099999,LIML"
"Milano, Lombardia, Italia",10/07/2022,32,18.8,26.3,30.6,18.8,25.8,11.4,41.1,0,0,0,,0,0,34,13.3,258.5,1015.9,17.5,10,220,18.9,6,10,2022-07-10T05:44:47,2022-07-10T21:12:11,0.39,Clear,Clear conditions throughout the day.,clear-day,"16080099999,16076099999,AV128,16066099999,06777099999,06771099999,LIML"
"Milano, Lombardia, Italia",11/07/2022,30.8,21.5,26.8,30.6,21.5,26.7,14.4,47.2,0,0,0,rain,0,0,30.8,19.2,118.3,1016.5,31.4,10,213,18.4,6,10,2022-07-11T05:45:36,2022-07-11T21:11:37,0.42,Partially cloudy,Partly cloudy throughout the day.,partly-cloudy-day,"16080099999,16076099999,AV128,16066099999,06777099999,06771099999,LIML"
"Milano, Lombardia, Italia",12/07/2022,30.8,21.8,26.5,30.7,21.8,26.6,15.1,50.1,0.002,100,4.17,rain,0,0,22.1,17.4,117.8,1019.1,42.9,10,201.6,17.4,6,10,2022-07-12T05:46:27,2022-07-12T21:11:01,0.45,"Rain, Partially cloudy",Partly cloudy throughout the day with early morning rain.,rain,"16080099999,16076099999,AV128,16066099999,06777099999,06771099999,LIML"
"Milano, Lombardia, Italia",13/07/2022,32,21.7,26.6,31.7,21.7,26.5,16.1,54.1,0,0,0,,0,0,18.4,17.3,118.9,1021.8,31,10,213.1,18.4,6,10,2022-07-13T05:47:19,2022-07-13T21:10:22,0.5,Partially cloudy,Partly cloudy throughout the day.,partly-cloudy-day,"16080099999,16076099999,AV128,16066099999,06777099999,06771099999,LIML"
"Milano, Lombardia, Italia",14/07/2022,33.7,20.9,27.8,33.8,20.9,27.9,16.9,54.3,0.002,100,4.17,rain,0,0,20.1,9.2,209.3,1018.5,23.8,10,189.4,16.2,6,10,2022-07-14T05:48:12,2022-07-14T21:09:41,0.52,"Rain, Partially cloudy",Partly cloudy throughout the day with afternoon rain.,rain,"16080099999,16076099999,AV128,16066099999,06777099999,06771099999"
"Milano, Lombardia, Italia",15/07/2022,35.8,23.6,29.3,36.5,23.6,29.9,16.8,47.9,0,0,0,,0,0,28.8,12.8,251.3,1012.8,2.5,10,216,18.6,6,10,2022-07-15T05:49:07,2022-07-15T21:08:58,0.55,Clear,Clear conditions throughout the day.,clear-day,"16080099999,16076099999,AV128,16066099999,06777099999,06771099999,LIML"
"Milano, Lombardia, Italia",16/07/2022,33.8,23.7,28.5,34.7,23.7,28.9,17.1,51.4,0,0,0,,0,0,20.6,14.2,139,1014.8,1.6,10,210,18.1,6,10,2022-07-16T05:50:03,2022-07-16T21:08:12,0.59,Clear,Clear conditions throughout the day.,clear-day,"16080099999,16076099999,AV128,16066099999,06777099999,06771099999"
"Milano, Lombardia, Italia",17/07/2022,33.7,24.7,29,34.2,24.7,29.4,17.7,51.7,0.002,100,4.17,rain,0,0,22.3,19.4,114.1,1019.1,26.8,10,204.6,17.7,6,10,2022-07-17T05:51:00,2022-07-17T21:07:25,0.62,"Rain, Partially cloudy",Partly cloudy throughout the day with morning rain.,rain,"16080099999,16076099999,AV128,16066099999,06777099999,06771099999,LIML"
"Milano, Lombardia, Italia",18/07/2022,32.8,24.7,29,33.1,24.7,29.1,16.1,46.5,0,0,0,,0,0,21.6,15.6,110.2,1020.6,24.8,10,205.6,17.7,6,10,2022-07-18T05:51:58,2022-07-18T21:06:35,0.65,Partially cloudy,Clearing in the afternoon.,partly-cloudy-day,"16080099999,16076099999,AV128,16066099999,06777099999,06771099999"
"Milano, Lombardia, Italia",19/07/2022,33.7,21.6,29.2,33.3,21.6,28.8,14.7,43.1,0,0,0,,0,0,24.7,13.7,120.1,1019.4,26.8,10,204.8,17.6,6,10,2022-07-19T05:52:58,2022-07-19T21:05:43,0.69,Partially cloudy,Clearing in the afternoon.,partly-cloudy-day,"16080099999,16076099999,AV128,16066099999,06777099999,06771099999,LIML"
"Milano, Lombardia, Italia",20/07/2022,34.8,22.8,29.9,33.5,22.8,29.2,13.1,37.8,0,0,0,,0,0,21.5,11.3,109.2,1018,15.5,10,207.5,17.9,6,10,2022-07-20T05:53:58,2022-07-20T21:04:49,0.75,Clear,Clear conditions throughout the day.,clear-day,"16080099999,16076099999,AV128,16066099999,06777099999,06771099999"
"Milano, Lombardia, Italia",21/07/2022,35.7,25.6,30.3,35.4,25.6,30.1,14.5,39.2,0.097,100,8.33,rain,0,0,20.8,12.7,118.4,1016,13.1,10,202.5,17.4,6,10,2022-07-21T05:54:59,2022-07-21T21:03:53,0.76,Rain,Clear conditions throughout the day with early morning rain.,rain,"16080099999,16076099999,AV128,16066099999,06777099999,06771099999,LIML"
"Milano, Lombardia, Italia",22/07/2022,36.8,22,30.1,36.6,22,29.9,15.6,45,0.003,100,4.17,rain,0,0,29.5,14.1,143.9,1015.5,21.6,10,202.5,17.4,6,15,2022-07-22T05:56:01,2022-07-22T21:02:55,0.79,"Rain, Partially cloudy",Partly cloudy throughout the day with late afternoon rain.,rain,"16080099999,16076099999,AV128,16066099999,06777099999,06771099999,LIML"
"Milano, Lombardia, Italia",23/07/2022,34,22.9,29.7,38.1,22.9,31.2,18.6,52.1,0,0,0,rain,0,0,53.4,12.1,255.1,1014.7,38.8,10,176.3,15.3,6,30,2022-07-23T05:57:05,2022-07-23T21:01:55,0.82,Partially cloudy,Partly cloudy throughout the day.,partly-cloudy-day,"16080099999,16076099999,AV128,16066099999,06777099999,06771099999,LIML"
"Milano, Lombardia, Italia",24/07/2022,34.7,24.7,29.5,37.4,24.7,30.9,20,58.6,0.002,100,4.17,rain,0,0,27.7,12,211.9,1015.4,32.1,10,189,16.2,5,30,2022-07-24T05:58:08,2022-07-24T21:00:53,0.86,"Rain, Partially cloudy",Partly cloudy throughout the day with morning rain.,rain,"16080099999,16076099999,AV128,16066099999,06777099999,LIML,06771099999"
"Milano, Lombardia, Italia",25/07/2022,36,23,29.6,38.4,23,30.4,18.8,54.7,0.067,100,8.33,rain,0,0,45.3,20.3,261.7,1013,35.9,10,186.3,16,5,30,2022-07-25T05:59:13,2022-07-25T20:59:49,0.89,"Rain, Partially cloudy",Partly cloudy throughout the day with late afternoon rain.,rain,"16080099999,16076099999,D6875,AV128,16066099999,06777099999,06771099999,LIML"
"Milano, Lombardia, Italia",26/07/2022,34.5,20,27.6,35.9,20,28.3,18.7,61.4,1.9,100,8.33,rain,0,0,54.2,29.9,162.2,1009.4,51.4,10,209.1,18.2,6,30,2022-07-26T06:00:19,2022-07-26T20:58:43,0.92,"Rain, Partially cloudy",Partly cloudy throughout the day with rain.,rain,"16080099999,16076099999,AV128,16066099999,06777099999,LIML,06771099999"
"Milano, Lombardia, Italia",27/07/2022,30.8,19.9,25.8,30.7,19.9,26,17,60.4,5.495,100,8.33,rain,0,0,54.2,36.2,142,1010.8,37.1,10,214,18.3,6,30,2022-07-27T06:01:25,2022-07-27T20:57:35,0.96,"Rain, Partially cloudy",Clearing in the afternoon with early morning rain.,rain,"16080099999,16076099999,AV128,16066099999,06777099999,06771099999"
"Milano, Lombardia, Italia",28/07/2022,31.8,21.9,26.9,31.7,21.9,27,17.2,57.3,0.12,100,33.33,rain,0,0,52.3,18.3,108.5,1012.7,48,9.9,273,23.3,9,10,2022-07-28T06:02:31,2022-07-28T20:56:26,0,"Rain, Partially cloudy",Partly cloudy throughout the day with rain.,rain,"16080099999,16076099999,D6875,AV128,16066099999,06777099999,06771099999,LIML"
"Milano, Lombardia, Italia",29/07/2022,30.3,19.9,23.7,31.3,19.9,23.9,18.5,75.6,26.23,100,20.83,rain,0,0,52.3,13.4,309.8,1014.2,49.2,9.5,164.8,14.3,6,30,2022-07-29T06:03:39,2022-07-29T20:55:14,0.02,"Rain, Partially cloudy",Becoming cloudy in the afternoon with a chance of rain throughout the day.,rain,"16080099999,16076099999,AV128,16066099999,06777099999,06771099999,LIML"
"Milano, Lombardia, Italia",30/07/2022,31.9,18.8,24.8,32,18.8,24.9,17.4,68.7,1.924,100,8.33,rain,0,0,42.9,12.2,271.7,1014.1,16.8,9,210.9,18.2,6,10,2022-07-30T06:04:47,2022-07-30T20:54:01,0.06,Rain,Clear conditions throughout the day with rain clearing later.,rain,"16080099999,16076099999,AV128,16066099999,06777099999,06771099999,LIML"
"Milano, Lombardia, Italia",31/07/2022,32.8,18,26.3,31.9,18,26,13.5,47.6,0,0,0,,0,0,42.9,10.4,261.5,1015.2,0,10,220.3,19.1,6,10,2022-07-31T06:05:55,2022-07-31T20:52:47,0.09,Clear,Clear conditions throughout the day.,clear-day,"16080099999,16076099999,AV128,16066099999,06777099999,06771099999,LIML"
"Milano, Lombardia, Italia",01/08/2022,34.9,19.9,27.7,33.6,19.9,27.3,14.7,49.2,0,0,0,,0,0,25.7,8.7,254.5,1013.8,14.5,10,217.5,18.9,6,10,2022-08-01T06:07:04,2022-08-01T20:51:30,0.13,Clear,Clear conditions throughout the day.,clear-day,"16080099999,16076099999,D6875,AV128,16066099999,06777099999,06771099999,LIML"
"Milano, Lombardia, Italia",02/08/2022,31.9,23.3,27.3,31.4,23.3,27.2,14.7,46.9,0,0,0,rain,0,0,24.7,21.7,121.4,1015.1,30.8,10,206,17.8,6,10,2022-08-02T06:08:14,2022-08-02T20:50:12,0.16,Partially cloudy,Partly cloudy throughout the day.,partly-cloudy-day,"16080099999,16076099999,AV128,16066099999,06777099999,06771099999,LIML"
"Milano, Lombardia, Italia",03/08/2022,33.3,20.9,27.7,32.7,20.9,27.6,16.2,51.7,0,0,0,,0,0,24.1,9.5,120,1016,5,10,212.5,18.3,6,10,2022-08-03T06:09:23,2022-08-03T20:48:52,0.2,Clear,Clear conditions throughout the day.,clear-day,"16080099999,16076099999,AV128,16066099999,06777099999,06771099999,LIML"
"Milano, Lombardia, Italia",04/08/2022,34.9,22.3,28.9,35,22.3,28.9,16.8,50.9,0,0,0,,0,0,21.6,9.4,172.2,1014.9,5.5,10,208.3,18.1,6,10,2022-08-04T06:10:34,2022-08-04T20:47:31,0.23,Clear,Clear conditions throughout the day.,clear-day,"16080099999,16076099999,AV128,16066099999,06777099999,06771099999,LIML"
"Milano, Lombardia, Italia",05/08/2022,35.8,22.4,29.5,36.1,22.4,29.7,17.1,49.9,0,0,0,,0,0,33.2,12.8,250.3,1013.2,12.7,10,204,17.7,6,10,2022-08-05T06:11:44,2022-08-05T20:46:08,0.25,Clear,Clear conditions throughout the day.,clear-day,"16080099999,16076099999,AV128,16066099999,06777099999,06771099999,LIML"
"Milano, Lombardia, Italia",06/08/2022,34.9,23.4,28.7,35.5,23.4,29,18,55.2,2.309,100,29.17,rain,0,0,47.5,17.1,109.4,1013.3,47.8,10,187.3,16.1,6,10,2022-08-06T06:12:55,2022-08-06T20:44:44,0.3,"Rain, Partially cloudy",Partly cloudy throughout the day with rain.,rain,"16080099999,16076099999,AV128,16066099999,06777099999,06771099999,LIML"
"Milano, Lombardia, Italia",07/08/2022,29.4,21.9,25.9,29.5,21.9,26.1,16.8,58.5,0.579,100,20.83,rain,0,0,51.9,19.1,110,1015.8,48.2,10,166.9,14.4,6,30,2022-08-07T06:14:06,2022-08-07T20:43:18,0.34,"Rain, Partially cloudy",Partly cloudy throughout the day with rain.,rain,"16080099999,16076099999,AV128,16066099999,06777099999,06771099999,LIML"
"Milano, Lombardia, Italia",08/08/2022,31,19.4,25.6,31.3,19.4,25.8,16.6,59.1,0.139,100,4.17,rain,0,0,51.9,14.7,168.3,1016.2,40.5,10,172.7,14.8,6,30,2022-08-08T06:15:18,2022-08-08T20:41:51,0.37,"Rain, Partially cloudy",Clearing in the afternoon with early morning rain.,rain,"16080099999,16076099999,AV128,16066099999,06777099999,06771099999,LIML"
"Milano, Lombardia, Italia",09/08/2022,31.4,22.8,27.1,31.3,22.8,27.1,16.7,54.5,0.64,100,20.83,rain,0,0,21.5,12.7,123.4,1018.3,40.6,10,198.2,17.2,6,10,2022-08-09T06:16:30,2022-08-09T20:40:22,0.41,"Rain, Partially cloudy",Partly cloudy throughout the day with rain clearing later.,rain,"16080099999,16076099999,AV128,16066099999,06777099999,06771099999,LIML"
"Milano, Lombardia, Italia",10/08/2022,32,23.3,27.5,30.9,23.3,27.2,14.3,45.7,0.078,100,4.17,rain,0,0,29,16.9,104.8,1018.6,41.2,10,194.5,16.9,6,10,2022-08-10T06:17:41,2022-08-10T20:38:52,0.44,"Rain, Partially cloudy",Partly cloudy throughout the day with early morning rain.,rain,"16080099999,16076099999,AV128,16066099999,06777099999,06771099999,LIML"
"Milano, Lombardia, Italia",11/08/2022,30.8,23.3,26.9,29.8,23.3,26.6,13.2,43.9,0.046,100,16.67,rain,0,0,23.1,15.5,99.2,1017.4,41.2,10,191.2,16.3,6,10,2022-08-11T06:18:54,2022-08-11T20:37:21,0.48,"Rain, Partially cloudy",Partly cloudy throughout the day with early morning rain.,rain,"16080099999,16076099999,AV128,16066099999,06777099999,06771099999,LIML"
"Milano, Lombardia, Italia",12/08/2022,29.3,20,25.4,28.6,20,25.2,12.7,46.1,0.039,100,4.17,rain,0,0,39.2,29.9,114.2,1014,46.4,10,161.3,14.1,5,10,2022-08-12T06:20:06,2022-08-12T20:35:49,0.5,"Rain, Partially cloudy",Partly cloudy throughout the day with late afternoon rain.,rain,"16080099999,16076099999,AV128,16066099999,06777099999,06771099999,LIML"
"Milano, Lombardia, Italia",13/08/2022,28.9,16.9,23.1,28.1,16.9,22.9,13.3,58.2,0.383,100,12.5,rain,0,0,43,20.6,120.4,1013.8,24.1,10,202,17.4,6,10,2022-08-13T06:21:18,2022-08-13T20:34:15,0.54,"Rain, Partially cloudy",Partly cloudy throughout the day with rain clearing later.,rain,"16080099999,16076099999,AV128,16066099999,06777099999,06771099999,LIML"
"Milano, Lombardia, Italia",14/08/2022,29.8,17.9,24.3,29,17.9,24.1,13.1,51.5,0,0,0,,0,0,20.6,14.6,260.7,1010.3,43.8,10,161.5,14.3,5,10,2022-08-14T06:22:31,2022-08-14T20:32:40,0.58,Partially cloudy,Partly cloudy throughout the day.,partly-cloudy-day,"16080099999,16076099999,AV128,16066099999,06777099999,06771099999,LIML"
"Milano, Lombardia, Italia",15/08/2022,30.6,17.9,24.6,30.8,17.9,24.7,15.3,57.7,0.066,100,20.83,rain,0,0,29,26.3,246.1,1006.7,40.3,10,210.4,18.4,8,10,2022-08-15T06:23:44,2022-08-15T20:31:04,0.61,"Rain, Partially cloudy",Partly cloudy throughout the day with rain.,rain,"16080099999,16076099999,D6875,AV128,16066099999,06777099999,06771099999,LIML"
"Milano, Lombardia, Italia",16/08/2022,31.3,18.9,25,31.7,18.9,25.2,16.7,62.3,0.39,100,20.83,rain,0,0,29,12.7,110.8,1009.9,33.1,10,176,15.2,6,10,2022-08-16T06:24:56,2022-08-16T20:29:26,0.64,"Rain, Partially cloudy",Partly cloudy throughout the day with rain clearing later.,rain,"16080099999,16076099999,AV128,16066099999,06777099999,06771099999,LIML"
"Milano, Lombardia, Italia",17/08/2022,28.8,21.8,24.8,30.5,21.8,25.1,19.1,71.5,2.115,100,58.33,rain,0,0,40.4,13.5,89.3,1012.5,59.5,9.9,93.1,8,4,30,2022-08-17T06:26:09,2022-08-17T20:27:48,0.68,"Rain, Partially cloudy",Partly cloudy throughout the day with rain.,rain,"16080099999,16076099999,D6875,AV128,16066099999,06777099999,06771099999,LIML"
"Milano, Lombardia, Italia",18/08/2022,23.8,19.9,21.7,23.8,19.9,21.7,19.3,86.6,12.516,100,87.5,rain,0,0,40.7,24.5,42.9,1010.8,61.1,9.2,64.5,5.6,5,10,2022-08-18T06:27:22,2022-08-18T20:26:09,0.71,"Rain, Partially cloudy",Partly cloudy throughout the day with a chance of rain throughout the day.,rain,"16080099999,16076099999,AV128,16066099999,06777099999,06771099999,LIML"
"Milano, Lombardia, Italia",19/08/2022,27.8,18.9,22.4,27.7,18.9,22.5,17.1,74.3,1.337,100,16.67,rain,0,0,50,11.5,287.4,1009.9,51.6,10,116.2,10,5,30,2022-08-19T06:28:35,2022-08-19T20:24:28,0.75,"Rain, Partially cloudy",Partly cloudy throughout the day with a chance of rain throughout the day.,rain,"16080099999,16076099999,D6875,AV128,16066099999,06777099999,06771099999,LIML"
"Milano, Lombardia, Italia",20/08/2022,32.3,17.9,25.2,31.4,17.9,25,15.8,61.2,0.015,100,4.17,rain,0,0,48.6,12.1,254.8,1011.4,10.9,10,202.2,17.4,6,30,2022-08-20T06:29:48,2022-08-20T20:22:47,0.77,Rain,Clear conditions throughout the day with early morning rain.,rain,"16080099999,16076099999,D6875,AV128,16066099999,06777099999,06771099999,LIML"
"Milano, Lombardia, Italia",21/08/2022,31.3,18.9,25.4,30.3,18.9,25.2,14.9,54.6,0,0,0,,0,0,48.5,9.4,140.6,1010.6,20.3,10,199.8,17.2,6,10,2022-08-21T06:31:01,2022-08-21T20:21:05,0.81,Partially cloudy,Partly cloudy throughout the day.,partly-cloudy-day,"16080099999,16076099999,F5400,AV128,16066099999,06777099999,06771099999,LIML"
"Milano, Lombardia, Italia",22/08/2022,30.9,20.4,25.6,30.4,20.4,25.4,14.7,52.6,0,0,0,,0,0,25.4,10.3,142.4,1008.8,39.2,10,199.6,17.3,6,10,2022-08-22T06:32:14,2022-08-22T20:19:21,0.84,Partially cloudy,Partly cloudy throughout the day.,partly-cloudy-day,"16080099999,16076099999,AV128,16066099999,06777099999,06771099999,LIML"
"Milano, Lombardia, Italia",23/08/2022,30.9,18.9,25.5,30.3,18.9,25.2,14.2,52.1,0,0,0,,0,0,31.7,11.9,121.8,1011.7,0,10,194.5,16.7,6,10,2022-08-23T06:33:27,2022-08-23T20:17:37,0.87,Clear,Clear conditions throughout the day.,clear-day,"16080099999,16076099999,D6875,AV128,16066099999,06777099999,06771099999,LIML"
"Milano, Lombardia, Italia",24/08/2022,30,19.8,25.4,29.6,19.8,25.3,14.4,51.6,0.002,100,4.17,rain,0,0,21.6,14,103,1015.3,8,10,186.6,16,6,10,2022-08-24T06:34:40,2022-08-24T20:15:52,0.9,Rain,Clear conditions throughout the day with morning rain.,rain,"16080099999,16076099999,AV128,16066099999,06777099999,06771099999,LIML"
"Milano, Lombardia, Italia",25/08/2022,32,19.4,25.8,31.4,19.4,25.7,15.5,55.8,0.002,100,4.17,rain,0,0,24.1,12,263.3,1014.1,4.1,10,192.5,16.7,6,10,2022-08-25T06:35:53,2022-08-25T20:14:06,0.94,Rain,Clear conditions throughout the day with morning rain.,rain,"16080099999,16076099999,AV128,16066099999,06777099999,06771099999,LIML"
"Milano, Lombardia, Italia",26/08/2022,30.8,20.4,26.1,31.3,20.4,26.4,16.5,56.7,0,0,0,,0,0,35.3,12.7,255,1011.1,42.8,10,141.8,12.2,5,10,2022-08-26T06:37:06,2022-08-26T20:12:20,0.97,Partially cloudy,Clearing in the afternoon.,partly-cloudy-day,"16080099999,16076099999,AV128,16066099999,06777099999,06771099999,LIML"
"Milano, Lombardia, Italia",27/08/2022,28.4,20.9,24.6,28.4,20.9,24.7,16.8,63.1,0.402,100,16.67,rain,0,0,28.2,19.9,100.2,1010.4,43.3,10,163.7,14.1,6,30,2022-08-27T06:38:19,2022-08-27T20:10:32,0,"Rain, Partially cloudy",Partly cloudy throughout the day with rain.,rain,"16080099999,16076099999,AV128,16066099999,06777099999,06771099999,LIML"
"Milano, Lombardia, Italia",28/08/2022,30.3,19.8,25.3,30.8,19.8,25.5,17.4,63.3,0.012,100,20.83,rain,0,0,20.5,11.7,182,1012.9,31.3,10,229.6,19.8,8,30,2022-08-28T06:39:32,2022-08-28T20:08:44,0.04,"Rain, Partially cloudy",Partly cloudy throughout the day with rain clearing later.,rain,"16080099999,16076099999,AV128,16066099999,06777099999,06771099999,LIML"
"Milano, Lombardia, Italia",29/08/2022,31.3,19.9,26.1,31.4,19.9,26.3,17.7,61.7,0.496,100,25,rain,0,0,24.1,10.8,129.4,1015.9,28.7,10,167.8,14.4,5,30,2022-08-29T06:40:45,2022-08-29T20:06:55,0.07,"Rain, Partially cloudy",Partly cloudy throughout the day with rain clearing later.,rain,"16080099999,16076099999,AV128,16066099999,06777099999,06771099999,LIML"
"Milano, Lombardia, Italia",30/08/2022,29.7,22.3,25.2,30.5,22.3,25.5,18.6,67.5,0.523,100,33.33,rain,0,0,39,13.4,110.3,1016.7,47.6,10,97.2,8.2,4,30,2022-08-30T06:41:58,2022-08-30T20:05:06,0.11,"Rain, Partially cloudy",Partly cloudy throughout the day with a chance of rain throughout the day.,rain,"16080099999,16076099999,AV128,16066099999,06777099999,06771099999,LIML"
"Milano, Lombardia, Italia",31/08/2022,26.9,19.5,22.9,27.8,19.5,23,18.1,75.6,0.255,100,8.33,rain,0,0,19.8,12.7,109,1014.1,43.6,10,148.6,13,7,30,2022-08-31T06:43:11,2022-08-31T20:03:16,0.14,"Rain, Partially cloudy",Partly cloudy throughout the day with rain.,rain,"16080099999,16076099999,AV128,16066099999,06777099999,06771099999,LIML"
"Milano, Lombardia, Italia",01/09/2022,27.8,20.8,23.9,28.1,20.8,23.9,16.6,65.4,0.59,100,33.33,rain,0,0,29.3,16.9,109.4,1013,44.4,10,139.3,11.9,5,10,2022-09-01T06:44:24,2022-09-01T20:01:25,0.18,"Rain, Partially cloudy",Partly cloudy throughout the day with a chance of rain throughout the day.,rain,"16080099999,16076099999,AV128,16066099999,06777099999,06771099999,LIML"
"Milano, Lombardia, Italia",02/09/2022,26.3,19.7,22.7,26.3,19.7,22.7,14.3,59.8,0.078,100,25,rain,0,0,32.5,17.3,110,1014.8,45.4,10,139.3,11.9,5,10,2022-09-02T06:45:37,2022-09-02T19:59:34,0.22,"Rain, Partially cloudy",Partly cloudy throughout the day with rain clearing later.,rain,"16080099999,16076099999,AV128,16066099999,06777099999,06771099999,LIML"
"Milano, Lombardia, Italia",03/09/2022,26.3,19,22.4,26.3,19,22.4,15.1,64.3,2.92,100,37.5,rain,0,0,34.1,15.4,91.5,1014.9,59.6,10,108.4,9.3,4,10,2022-09-03T06:46:50,2022-09-03T19:57:42,0.25,"Rain, Partially cloudy",Partly cloudy throughout the day with rain clearing later.,rain,"16080099999,16076099999,AV128,16066099999,06777099999,06771099999,LIML"
"Milano, Lombardia, Italia",04/09/2022,28.8,17.9,23.1,28.9,17.9,23.2,16.5,67.9,0.004,100,8.33,rain,0,0,18.8,9.4,174.7,1018.5,39.1,10,152.4,13.1,5,10,2022-09-04T06:48:03,2022-09-04T19:55:50,0.29,"Rain, Partially cloudy",Partly cloudy throughout the day with rain clearing later.,rain,"16080099999,16076099999,AV128,16066099999,06777099999,06771099999,LIML"
"Milano, Lombardia, Italia",05/09/2022,29.3,20.3,24.4,29.6,20.3,24.5,16.9,64.5,0.027,100,20.83,rain,0,0,17.8,9.3,88.6,1021.3,31.6,10,145.5,12.6,5,10,2022-09-05T06:49:16,2022-09-05T19:53:57,0.32,"Rain, Partially cloudy",Partly cloudy throughout the day with morning rain.,rain,"16080099999,16076099999,AV128,16066099999,06777099999,06771099999,LIML"
"Milano, Lombardia, Italia",06/09/2022,30.8,20.4,25,30.8,20.4,25.1,16.9,62.8,0.321,100,25,rain,0,0,51.1,24.8,136.7,1018.1,40.6,9.8,153.3,13.3,5,10,2022-09-06T06:50:29,2022-09-06T19:52:04,0.36,"Rain, Partially cloudy",Partly cloudy throughout the day with rain.,rain,"16080099999,16076099999,AV128,16066099999,06777099999,06771099999,LIML"
"Milano, Lombardia, Italia",07/09/2022,27.8,20.9,24.1,29,20.9,24.3,19.1,75,26.944,100,33.33,rain,0,0,36.5,14.4,88.8,1015.2,46.9,10,94.8,7.9,4,30,2022-09-07T06:51:42,2022-09-07T19:50:11,0.39,"Rain, Partially cloudy",Partly cloudy throughout the day with a chance of rain throughout the day.,rain,"16080099999,16076099999,AV128,16066099999,06777099999,06771099999,LIML"
"Milano, Lombardia, Italia",08/09/2022,29.3,20.8,24.4,29.1,20.8,24.4,18.1,70.2,2.953,100,45.83,rain,0,0,72.3,15.3,105.4,1010.5,45.9,9.9,126.4,10.9,5,30,2022-09-08T06:52:55,2022-09-08T19:48:17,0.43,"Rain, Partially cloudy",Partly cloudy throughout the day with a chance of rain throughout the day.,rain,"16080099999,16076099999,AV128,16066099999,06777099999,06771099999,LIML"
"Milano, Lombardia, Italia",09/09/2022,27.3,19.8,23.2,27.5,19.8,23.2,16.3,67.6,0.847,100,25,rain,0,0,22.1,15.3,103.7,1011.3,36.6,9.9,138.5,11.8,5,10,2022-09-09T06:54:08,2022-09-09T19:46:23,0.46,"Rain, Partially cloudy",Partly cloudy throughout the day with a chance of rain throughout the day.,rain,"16080099999,16076099999,AV128,16066099999,06777099999,06771099999,LIML"
"Milano, Lombardia, Italia",10/09/2022,27.5,15.9,22,27.1,15.9,21.9,13.9,62.3,0.347,100,8.33,rain,0,0,19,12,100.3,1012.9,39.7,10,155,13.4,5,10,2022-09-10T06:55:21,2022-09-10T19:44:28,0.5,"Rain, Partially cloudy",Partly cloudy throughout the day with rain.,rain,"16080099999,16076099999,AV128,16066099999,06777099999,06771099999,LIML"
"Milano, Lombardia, Italia",11/09/2022,27.8,15.6,21.7,27.2,15.6,21.6,13.3,61.9,0,0,0,,0,0,25.2,12.7,157.1,1014.5,25.5,10,160.3,13.7,5,10,2022-09-11T06:56:33,2022-09-11T19:42:33,0.53,Partially cloudy,Clearing in the afternoon.,partly-cloudy-day,"16080099999,16076099999,AV128,16066099999,06777099999,LIML,06771099999"
"Milano, Lombardia, Italia",12/09/2022,28.8,15.4,21.9,28.2,15.4,21.8,13.7,62.4,0,0,0,,0,0,17.3,9.1,130.4,1015,4.8,10,152.4,13.2,5,10,2022-09-12T06:57:46,2022-09-12T19:40:38,0.56,Clear,Clear conditions throughout the day.,clear-day,"16080099999,16076099999,AV128,16066099999,06777099999,06771099999,LIML"
"Milano, Lombardia, Italia",13/09/2022,28.8,15.9,22.8,28.6,15.9,22.7,14.9,63.9,0,0,0,,0,0,19.6,9.3,226.8,1013.3,26.9,10,139.4,12,5,10,2022-09-13T06:58:59,2022-09-13T19:38:43,0.6,Partially cloudy,Becoming cloudy in the afternoon.,partly-cloudy-day,"16080099999,16076099999,AV128,16066099999,06777099999,06771099999,LIML"
"Milano, Lombardia, Italia",14/09/2022,26.8,20.8,24,27.7,20.8,24.1,17.1,65.7,0.002,100,4.17,rain,0,0,26.2,11.8,243.5,1011,65.7,10,70.6,6.1,4,10,2022-09-14T07:00:13,2022-09-14T19:36:47,0.63,"Rain, Partially cloudy",Partly cloudy throughout the day with morning rain.,rain,"16080099999,16076099999,D6875,AV128,16066099999,06777099999,06771099999,LIML"
"Milano, Lombardia, Italia",15/09/2022,30,18.4,24.1,30,18.4,24.1,16.6,65.6,0.002,100,4.17,rain,0,0,21.2,10.9,236.4,1006.2,39.4,10,144.5,12.5,5,30,2022-09-15T07:01:26,2022-09-15T19:34:51,0.66,"Rain, Partially cloudy",Clearing in the afternoon with early morning rain.,rain,"16080099999,16076099999,AV128,16066099999,06777099999,06771099999,LIML"
"Milano, Lombardia, Italia",16/09/2022,29.8,19.3,24.2,29.1,19.3,24.1,16.1,63.3,0,0,0,rain,0,0,51.8,14.6,214.2,1003.1,34.1,10,136.8,11.8,5,10,2022-09-16T07:02:39,2022-09-16T19:32:56,0.69,Partially cloudy,Partly cloudy throughout the day.,partly-cloudy-day,"16080099999,16076099999,AV128,16066099999,06777099999,06771099999,LIML"
"Milano, Lombardia, Italia",17/09/2022,22.7,15.4,18.9,22.7,15.4,18.9,9.4,55.9,0.012,100,8.33,rain,0,0,71.4,24.1,94.4,1006.2,39.3,10,125.9,10.7,5,10,2022-09-17T07:03:52,2022-09-17T19:31:00,0.75,"Rain, Partially cloudy",Clearing in the afternoon with morning rain.,rain,"16080099999,16076099999,D6875,AV128,16066099999,06777099999,06771099999,LIML"
"Milano, Lombardia, Italia",18/09/2022,23.8,11,18.6,23.8,11,18.6,1.2,33.5,0,0,0,,0,0,48.6,21,282,1013.5,0.3,10,133.8,11.5,5,10,2022-09-18T07:05:06,2022-09-18T19:29:04,0.76,Clear,Clear conditions throughout the day.,clear-day,"16080099999,16076099999,AV128,16066099999,06777099999,06771099999,LIML"
"Milano, Lombardia, Italia",19/09/2022,26.3,12.8,20,26.3,12.8,20,2.3,38.5,0,0,0,,0,0,61.7,17.5,344.7,1011.9,8.9,10,132.8,11.3,5,10,2022-09-19T07:06:19,2022-09-19T19:27:08,0.79,Clear,Clear conditions throughout the day.,clear-day,"16080099999,16076099999,D6875,AV128,16066099999,06777099999,06771099999,LIML"
"Milano, Lombardia, Italia",20/09/2022,22.9,10.4,17.5,22.9,10.4,17.5,5.9,47.5,0,0,0,,0,0,27.8,16.1,72.5,1016.4,19.2,10,129.6,11.2,5,10,2022-09-20T07:07:33,2022-09-20T19:25:12,0.82,Clear,Clear conditions throughout the day.,clear-day,"16080099999,16076099999,F5400,AV128,16066099999,06777099999,06771099999,LIML"
"Milano, Lombardia, Italia",21/09/2022,20.7,14.6,17.3,20.7,14.6,17.3,8,55.5,0.002,100,4.17,rain,0,0,20.8,22.3,101.4,1020.3,62.6,10,114.1,9.9,5,10,2022-09-21T07:08:46,2022-09-21T19:23:15,0.85,"Rain, Partially cloudy",Partly cloudy throughout the day with morning rain.,rain,"16080099999,16076099999,AV128,16066099999,06777099999,06771099999,LIML"
"Milano, Lombardia, Italia",22/09/2022,21,10.4,16.5,21,10.4,16.5,5.5,49.3,0,0,0,,0,0,20.6,12.6,101.8,1020.8,49.7,10,120.8,10.4,4,10,2022-09-22T07:10:00,2022-09-22T19:21:19,0.89,Partially cloudy,Partly cloudy throughout the day.,partly-cloudy-day,"16080099999,16076099999,F5400,AV128,16066099999,06777099999,06771099999,LIML"
"Milano, Lombardia, Italia",23/09/2022,21.8,13.4,17.3,21.8,13.4,17.3,7.1,52.4,0,0,0,,0,0,15.5,10.9,126.5,1019.5,48.2,10,110.8,9.5,4,10,2022-09-23T07:11:14,2022-09-23T19:19:23,0.92,Partially cloudy,Partly cloudy throughout the day.,partly-cloudy-day,"16080099999,16076099999,D6875,AV128,16066099999,06777099999,06771099999,LIML"
"Milano, Lombardia, Italia",24/09/2022,17.2,13.9,15.6,17.2,13.9,15.6,10.6,73.8,3.85,100,62.5,rain,0,0,24,12.8,65.5,1016.1,89.1,8.8,34.3,2.9,1,10,2022-09-24T07:12:28,2022-09-24T19:17:28,0.95,"Rain, Partially cloudy",Partly cloudy throughout the day with rain.,rain,"16080099999,16076099999,AV128,16066099999,06777099999,06771099999,LIML"
"Milano, Lombardia, Italia",25/09/2022,18.8,13.4,15.5,18.8,13.4,15.5,13.5,88.9,0.68,100,20.83,rain,0,0,18.6,9.9,202.5,1011.9,63,8.5,54.3,4.7,3,10,2022-09-25T07:13:42,2022-09-25T19:15:32,0,"Rain, Partially cloudy",Partly cloudy throughout the day with a chance of rain throughout the day.,rain,"16080099999,16076099999,AV128,16066099999,06777099999,06771099999,LIML"
"Milano, Lombardia, Italia",26/09/2022,22.8,9.9,16.2,22.8,9.9,16.2,11.9,78,0.182,100,8.33,rain,0,0,20.9,10.8,240,1006.4,33.1,10,116.9,10,4,10,2022-09-26T07:14:57,2022-09-26T19:13:36,0.02,"Rain, Partially cloudy",Partly cloudy throughout the day with rain.,rain,"16080099999,16076099999,AV128,16066099999,06777099999,06771099999,LIML"
"Milano, Lombardia, Italia",27/09/2022,23,13.8,17.5,23,13.8,17.5,12,73.4,4.603,100,4.17,rain,0,0,34.1,10.3,284.7,999.4,38.2,9.8,111.2,9.7,4,10,2022-09-27T07:16:11,2022-09-27T19:11:41,0.05,"Rain, Partially cloudy",Partly cloudy throughout the day with early morning rain.,rain,"16080099999,16076099999,AV128,16066099999,06777099999,06771099999,LIML"
"Milano, Lombardia, Italia",28/09/2022,18.8,6.4,15.1,18.8,4.8,15,9.8,70.9,0,0,0,,0,0,34.1,15.2,76.2,999.9,61.8,11.2,61.9,5.3,2,10,2022-09-28T07:17:26,2022-09-28T19:09:46,0.09,Partially cloudy,Partly cloudy throughout the day.,partly-cloudy-day,"16080099999,16076099999,AV128,16066099999,06777099999,06771099999,LIML"
"Milano, Lombardia, Italia",29/09/2022,19.7,11.5,15.5,19.7,11.5,15.5,13,85.8,5.193,100,37.5,rain,0,0,28.5,11.8,57.3,998.4,65.7,9.6,75.6,6.7,3,10,2022-09-29T07:18:41,2022-09-29T19:07:51,0.13,"Rain, Partially cloudy",Partly cloudy throughout the day with a chance of rain throughout the day.,rain,"16080099999,16076099999,AV128,16066099999,06777099999,06771099999,LIML"
"Milano, Lombardia, Italia",30/09/2022,15.8,13.8,14.7,15.8,13.8,14.7,13.2,90.6,5.8,100,66.67,rain,0,0,31,86.2,75.8,1007.4,85.2,10,38.4,3.3,2,10,2022-09-30T07:19:56,2022-09-30T19:05:56,0.16,"Rain, Partially cloudy",Partly cloudy throughout the day with a chance of rain throughout the day.,rain,"16080099999,16076099999,AV128,16066099999,06777099999,06771099999,LIML"
"Milano, Lombardia, Italia",01/10/2022,20.8,11.9,15.8,20.8,11.9,15.8,12.5,82.6,0.324,100,8.33,rain,0,0,20.9,11.3,270.3,1015.6,36.5,9.4,97.3,8.5,4,10,2022-10-01T07:21:11,2022-10-01T19:04:02,0.2,"Rain, Partially cloudy",Partly cloudy throughout the day with rain clearing later.,rain,"16080099999,16076099999,AV128,16066099999,06777099999,06771099999,LIML"
"Milano, Lombardia, Italia",02/10/2022,24.4,11,17.8,24.4,11,17.8,12.7,73.6,0,0,0,,0,0,26.8,11,267.4,1018.3,15.8,10,113.3,9.7,4,10,2022-10-02T07:22:27,2022-10-02T19:02:08,0.23,Clear,Clear conditions throughout the day.,clear-day,"16080099999,16076099999,AV128,16066099999,06777099999,06771099999,LIML"
"Milano, Lombardia, Italia",03/10/2022,24.4,12.4,18,24.4,12.4,18,13.4,77.1,0.007,100,4.17,rain,0,0,51.8,10.6,48.7,1018.3,25.8,8.9,101.8,9,4,10,2022-10-03T07:23:43,2022-10-03T19:00:14,0.25,"Rain, Partially cloudy",Partly cloudy throughout the day with morning rain.,rain,"16080099999,16076099999,AV128,16066099999,06777099999,06771099999,LIML"
"Milano, Lombardia, Italia",04/10/2022,21.8,14.4,18.1,21.8,14.4,18.1,14.2,79,0,0,0,,0,0,17.6,8.4,71.9,1021.7,44.6,9.9,79,6.9,3,10,2022-10-04T07:24:59,2022-10-04T18:58:21,0.3,Partially cloudy,Partly cloudy throughout the day.,partly-cloudy-day,"16080099999,16076099999,AV128,16066099999,06777099999,06771099999,LIML"
"Milano, Lombardia, Italia",05/10/2022,23.2,14,18,23.2,14,18,14.2,80.8,0,0,0,,0,0,16.3,8.3,67.6,1026.2,59.9,9.3,94.4,8.1,4,10,2022-10-05T07:26:15,2022-10-05T18:56:28,0.34,Partially cloudy,Partly cloudy throughout the day.,partly-cloudy-day,"16080099999,16076099999,AV128,16066099999,06777099999,06771099999,LIML"
"Milano, Lombardia, Italia",06/10/2022,23.8,12.4,17.6,23.8,12.4,17.6,13.9,81.3,0.005,100,4.17,rain,0,0,24.7,7.6,77.6,1027.2,25.6,8.1,76.7,6.7,3,10,2022-10-06T07:27:32,2022-10-06T18:54:36,0.38,"Rain, Partially cloudy",Partly cloudy throughout the day with morning rain.,rain,"16080099999,16076099999,AV128,16066099999,06777099999,06771099999,LIML"
"Milano, Lombardia, Italia",07/10/2022,24.9,12.4,17.9,24.9,12.4,17.9,13.1,76.9,0,0,0,,0,0,27.7,6.6,359.1,1024.7,12.9,8.7,92.7,7.9,4,10,2022-10-07T07:28:49,2022-10-07T18:52:44,0.41,Clear,Clear conditions throughout the day.,clear-day,"16080099999,16076099999,AV128,16066099999,06777099999,06771099999,LIML"
"Milano, Lombardia, Italia",08/10/2022,23.8,11.9,17.6,23.8,11.9,17.6,12.9,76.2,0.152,100,16.67,rain,0,0,18.8,7.5,231.5,1019.1,14,8.8,84.6,7.5,4,10,2022-10-08T07:30:06,2022-10-08T18:50:53,0.45,Rain,Clear conditions throughout the day with late afternoon rain.,rain,"16080099999,16076099999,AV128,16066099999,06777099999,06771099999,LIML"
"Milano, Lombardia, Italia",09/10/2022,19.3,16.4,17.6,19.3,16.4,17.6,15.6,88,8.778,100,70.83,rain,0,0,25.8,12.8,27.5,1020.2,77.8,7.5,33.9,2.9,2,10,2022-10-09T07:31:23,2022-10-09T18:49:03,0.5,"Rain, Partially cloudy",Partly cloudy throughout the day with a chance of rain throughout the day.,rain,"16080099999,16076099999,AV128,16066099999,06777099999,06771099999,LIML"
"Milano, Lombardia, Italia",10/10/2022,19.8,14.8,17,19.8,14.8,17,13.1,78.7,1.812,100,4.17,rain,0,0,23.2,9.1,349.4,1020.7,65.3,10,29.7,2.6,1,10,2022-10-10T07:32:41,2022-10-10T18:47:13,0.52,"Rain, Partially cloudy",Partly cloudy throughout the day with morning rain.,rain,"16080099999,16076099999,AV128,16066099999,06777099999,06771099999,LIML"
"Milano, Lombardia, Italia",11/10/2022,22.3,11.9,16,22.3,11.9,16,12.9,84.6,0.186,100,4.17,rain,0,0,18,7.6,219.8,1021.2,55.4,6.5,76.6,6.5,4,10,2022-10-11T07:33:59,2022-10-11T18:45:23,0.55,"Rain, Partially cloudy",Partly cloudy throughout the day with morning rain.,rain,"16080099999,16076099999,AV128,16066099999,06777099999,06771099999,LIML"
"Milano, Lombardia, Italia",12/10/2022,21.8,11.4,16.3,21.8,11.4,16.3,12.4,80.2,0,0,0,,0,0,16.8,6.3,324.3,1022,66,10,79.8,6.7,3,10,2022-10-12T07:35:17,2022-10-12T18:43:35,0.58,Partially cloudy,Partly cloudy throughout the day.,partly-cloudy-day,"16080099999,16076099999,D6875,AV128,16066099999,06777099999,06771099999,LIML"
"Milano, Lombardia, Italia",13/10/2022,20.8,12,16,20.8,12,16,12.8,83.1,0,0,0,,0,0,14.8,6.5,288.6,1020.4,20.4,9.5,65.1,5.7,3,10,2022-10-13T07:36:36,2022-10-13T18:41:47,0.61,Partially cloudy,Partly cloudy throughout the day.,partly-cloudy-day,"16080099999,16076099999,AV128,16066099999,06777099999,06771099999,LIML"
"Milano, Lombardia, Italia",14/10/2022,20.8,10.5,15.4,20.8,10.5,15.4,12.9,86.9,0,0,0,,0,0,11.9,7.5,282.6,1016.9,26.2,5.9,64.1,5.4,3,10,2022-10-14T07:37:55,2022-10-14T18:39:59,0.65,Partially cloudy,Becoming cloudy in the afternoon.,partly-cloudy-day,"16080099999,16076099999,AV128,16066099999,06777099999,LIML,06771099999"
"Milano, Lombardia, Italia",15/10/2022,22.3,13.9,17.2,22.3,13.9,17.2,13.7,81.4,0.007,100,4.17,rain,0,0,18,5.5,303.2,1016.1,51.7,6.3,55.4,4.9,3,10,2022-10-15T07:39:14,2022-10-15T18:38:13,0.68,"Rain, Partially cloudy",Partly cloudy throughout the day with morning rain.,rain,"16080099999,16076099999,AV128,16066099999,06777099999,06771099999,LIML"
"Milano, Lombardia, Italia",16/10/2022,23.2,15.4,18.5,23.2,15.4,18.5,13.9,75.8,0,0,0,rain,0,0,12.7,6.4,16.6,1022.3,62.8,6.9,65.5,5.7,3,10,2022-10-16T07:40:33,2022-10-16T18:36:27,0.71,Partially cloudy,Partly cloudy throughout the day.,partly-cloudy-day,"16080099999,16076099999,AV128,16066099999,06777099999,06771099999,LIML"
"Milano, Lombardia, Italia",17/10/2022,22.8,12.5,17,22.8,12.5,17,14.2,85.3,0,0,0,,0,0,17,7.6,310.8,1028.3,5.8,6.5,60.1,5,3,10,2022-10-17T07:41:53,2022-10-17T18:34:42,0.75,Clear,Clear conditions throughout the day.,clear-day,"16080099999,16076099999,AV128,16066099999,06777099999,LIML,06771099999"
"Milano, Lombardia, Italia",18/10/2022,23.9,12,17.1,23.9,12,17.1,13.7,82.7,0.007,100,4.17,rain,0,0,22.6,10.9,280.8,1026.5,1.9,8,66.8,5.8,3,10,2022-10-18T07:43:13,2022-10-18T18:32:59,0.77,Rain,Clear conditions throughout the day with morning rain.,rain,"16080099999,16076099999,AV128,16066099999,06777099999,LIML,06771099999"
"Milano, Lombardia, Italia",19/10/2022,23.9,11.5,16.9,23.9,11.5,16.9,13.6,82.6,0.007,100,4.17,rain,0,0,21.2,4.8,63.2,1021.8,6.6,8.7,69.8,6,3,10,2022-10-19T07:44:34,2022-10-19T18:31:16,0.81,Rain,Clear conditions throughout the day with afternoon rain.,rain,"16080099999,16076099999,AV128,16066099999,06777099999,06771099999,LIML"
"Milano, Lombardia, Italia",20/10/2022,20.9,12.5,16.9,20.9,12.5,16.9,13.4,81.4,0,0,0,,0,0,16.3,10.8,65,1021.4,44.6,8.4,53.9,4.7,3,10,2022-10-20T07:45:55,2022-10-20T18:29:34,0.84,Partially cloudy,Partly cloudy throughout the day.,partly-cloudy-day,"16080099999,16076099999,AV128,16066099999,06777099999,06771099999,LIML"
"Milano, Lombardia, Italia",21/10/2022,18.8,15.9,17.1,18.8,15.9,17.1,15.4,89.5,2.3,100,62.5,rain,0,0,44,18.3,99.9,1018.5,90.8,7.6,14.2,1.2,1,10,2022-10-21T07:47:16,2022-10-21T18:27:53,0.87,"Rain, Overcast",Cloudy skies throughout the day with rain.,rain,"16080099999,16076099999,D6875,AV128,16066099999,06777099999,LIML,06771099999"
"Milano, Lombardia, Italia",22/10/2022,22.4,16.9,18.7,22.4,16.9,18.7,15.2,80.3,1.416,100,50,rain,0,0,46.3,14.8,83.4,1016.5,71.2,10,34.6,3,2,10,2022-10-22T07:48:37,2022-10-22T18:26:13,0.9,"Rain, Partially cloudy",Partly cloudy throughout the day with a chance of rain throughout the day.,rain,"16080099999,16076099999,D6875,AV128,16066099999,06777099999,06771099999,LIML"
"Milano, Lombardia, Italia",23/10/2022,20.3,16.7,18.4,20.3,16.7,18.4,15.2,81.6,0.685,100,83.33,rain,0,0,26,11,87.9,1021.1,71.5,10,43.2,3.6,2,10,2022-10-23T07:49:59,2022-10-23T18:24:34,0.93,"Rain, Partially cloudy",Partly cloudy throughout the day with a chance of rain throughout the day.,rain,"16080099999,16076099999,D6875,AV128,16066099999,06777099999,06771099999,LIML"
"Milano, Lombardia, Italia",24/10/2022,22.9,16,19.3,22.9,16,19.3,15.8,80.6,1.087,100,54.17,rain,0,0,41.4,13.6,89.8,1017.9,56.5,9.1,49.5,4.2,3,10,2022-10-24T07:51:21,2022-10-24T18:22:56,0.97,"Rain, Partially cloudy",Partly cloudy throughout the day with a chance of rain throughout the day.,rain,"16080099999,16076099999,AV128,16066099999,06777099999,06771099999,LIML"
"Milano, Lombardia, Italia",25/10/2022,21.8,16.8,18.9,21.8,16.8,18.9,15.6,81.7,0.628,100,20.83,rain,0,0,23.4,9.9,87.6,1018.7,60.9,9.3,42.5,3.6,2,10,2022-10-25T07:52:43,2022-10-25T18:21:20,0,"Rain, Partially cloudy",Partly cloudy throughout the day with a chance of rain throughout the day.,rain,"16080099999,16076099999,D6875,AV128,16066099999,06777099999,06771099999,LIML"
"Milano, Lombardia, Italia",26/10/2022,23.8,14.9,18.5,23.8,14.9,18.5,14.8,79.7,0,0,0,rain,0,0,14.5,8.3,291.8,1022,46,10,51,4.3,3,10,2022-10-26T07:54:06,2022-10-26T18:19:44,0.03,Partially cloudy,Partly cloudy throughout the day.,partly-cloudy-day,"16080099999,16076099999,D6875,AV128,16066099999,06777099999,06771099999,LIML"
"Milano, Lombardia, Italia",27/10/2022,22.9,13.4,17.1,22.9,13.4,17.1,14.3,85.5,0.007,100,4.17,rain,0,0,17.3,5.5,36.2,1027,21.5,9.8,49.6,4.2,2,10,2022-10-27T07:55:28,2022-10-27T18:18:10,0.07,"Rain, Partially cloudy",Partly cloudy throughout the day with morning rain.,rain,"16080099999,16076099999,D6875,AV128,16066099999,06777099999,06771099999,LIML"
"Milano, Lombardia, Italia",28/10/2022,22.8,10.5,16,22.8,10.5,16,13.1,85.2,0.007,100,4.17,rain,0,0,12.5,6.5,254,1027.7,8.8,8.4,48.6,4,3,10,2022-10-28T07:56:51,2022-10-28T18:16:37,0.11,Rain,Clear conditions throughout the day with morning rain.,rain,"16080099999,16076099999,AV128,16066099999,06777099999,06771099999,LIML"
"Milano, Lombardia, Italia",29/10/2022,23.9,9.6,15.6,23.9,9.6,15.6,12,82.1,0.007,100,4.17,rain,0,0,16.3,8.3,291.4,1025.8,17.4,9.4,49,4.3,3,10,2022-10-29T07:58:15,2022-10-29T18:15:06,0.14,Rain,Clear conditions throughout the day with afternoon rain.,rain,"16080099999,16076099999,AV128,16066099999,06777099999,06771099999,LIML"
"Milano, Lombardia, Italia",30/10/2022,22.9,9.6,15,22.9,9.6,15,12,85.2,0,0,0,,0,0,13.2,6.4,273.3,1022.8,46.6,8.8,46.7,4.1,2,10,2022-10-30T06:59:38,2022-10-30T17:13:36,0.18,Partially cloudy,Partly cloudy throughout the day.,partly-cloudy-day,"16080099999,16076099999,AV128,16066099999,06777099999,06771099999,LIML"
"Milano, Lombardia, Italia",31/10/2022,23.8,10.5,15.2,23.8,10.5,15.2,11.6,81.9,0.007,100,4.17,rain,0,0,29.5,6.6,75.5,1021.9,31.2,10,47.2,4,2,10,2022-10-31T07:01:02,2022-10-31T17:12:07,0.21,"Rain, Partially cloudy",Partly cloudy throughout the day with morning rain.,rain,"16080099999,16076099999,AV128,16066099999,06777099999,06771099999,LIML"
"Milano, Lombardia, Italia",01/11/2022,18.7,10.9,13.7,18.7,10.9,13.7,12.8,94.7,4.637,100,25,rain,0,0,17.6,9.1,304.6,1022.7,67.3,8.3,19.8,1.8,1,10,2022-11-01T07:02:25,2022-11-01T17:10:40,0.25,"Rain, Partially cloudy",Partly cloudy throughout the day with rain.,rain,"16080099999,16076099999,AV128,16066099999,06777099999,06771099999,LIML"
"Milano, Lombardia, Italia",02/11/2022,16,11.7,14.1,16,11.7,14.1,12.9,92.7,0.194,100,12.5,rain,0,0,19.1,7.3,215.4,1023.4,82.7,4.8,28.5,2.5,1,10,2022-11-02T07:03:49,2022-11-02T17:09:14,0.29,"Rain, Partially cloudy",Partly cloudy throughout the day with rain clearing later.,rain,"16080099999,16076099999,D6875,AV128,16066099999,06777099999,06771099999,LIML"
"Milano, Lombardia, Italia",03/11/2022,15.9,13.8,14.6,15.9,13.8,14.6,13.8,95.4,4.996,100,66.67,rain,0,0,29.5,19.1,115.7,1018.5,83.1,5.4,28.3,2.4,1,10,2022-11-03T07:05:13,2022-11-03T17:07:50,0.32,"Rain, Partially cloudy",Partly cloudy throughout the day with a chance of rain throughout the day.,rain,"16080099999,16076099999,D6875,AV128,16066099999,06777099999,06771099999,LIML"
"Milano, Lombardia, Italia",04/11/2022,16.9,9.3,13.2,16.9,9,13.1,9,77.5,30.125,100,41.67,rain,0,0,74.1,25.6,307.7,1004.1,66.8,8.8,38.3,3.3,3,10,2022-11-04T07:06:38,2022-11-04T17:06:27,0.36,"Rain, Partially cloudy",Partly cloudy throughout the day with a chance of rain throughout the day.,rain,"16080099999,16076099999,AV128,16066099999,06777099999,06771099999,LIML"
"Milano, Lombardia, Italia",05/11/2022,18.4,6.6,11.3,18.4,4.8,11,6.6,75.6,0,0,0,,0,0,50.1,10.4,302.7,1011.4,13.5,10,29.4,2.5,2,10,2022-11-05T07:08:02,2022-11-05T17:05:06,0.39,Clear,Clear conditions throughout the day.,clear-day,"16080099999,16076099999,AV128,16066099999,06777099999,06771099999,LIML"
"Milano, Lombardia, Italia",06/11/2022,15.4,4,9.1,15.4,4,9.1,5.2,79.6,0.179,100,4.17,rain,0,0,30.2,6.4,307.5,1017.6,17.5,10,37.6,3.3,2,10,2022-11-06T07:09:26,2022-11-06T17:03:46,0.43,Rain,Clear conditions throughout the day with morning rain.,rain,"16080099999,16076099999,D6875,AV128,16066099999,06777099999,06771099999,LIML"
"Milano, Lombardia, Italia",07/11/2022,15.9,3.9,9.1,15.9,3.9,9.1,5.3,80.4,0,0,0,,0,0,14.2,6.4,258.1,1020.2,22.8,9.7,34.3,2.8,2,10,2022-11-07T07:10:51,2022-11-07T17:02:29,0.46,Partially cloudy,Clearing in the afternoon.,partly-cloudy-day,"16080099999,16076099999,AV128,16066099999,06777099999,06771099999,LIML"
"Milano, Lombardia, Italia",08/11/2022,15.9,9.3,12.2,15.9,8.8,12.1,7.9,75.7,0,0,0,,0,0,19.1,7.3,304.9,1021,68.6,9.9,25.1,2.1,1,10,2022-11-08T07:12:15,2022-11-08T17:01:13,0.5,Partially cloudy,Partly cloudy throughout the day.,partly-cloudy-day,"16080099999,16076099999,AV128,16066099999,06777099999,06771099999,LIML"
"Milano, Lombardia, Italia",09/11/2022,12.8,11.8,12,12.8,11.8,12,10.9,93.2,1.318,100,45.83,rain,0,0,18.3,5.4,176,1019.7,89.4,6.2,10.2,0.8,1,10,2022-11-09T07:13:39,2022-11-09T16:59:58,0.53,"Rain, Partially cloudy",Partly cloudy throughout the day with rain.,rain,"16080099999,16076099999,D6875,AV128,16066099999,06777099999,06771099999,LIML"
"Milano, Lombardia, Italia",10/11/2022,14.5,9.4,12.1,14.5,9.4,12.1,11.7,97,6.945,100,8.33,rain,0,0,19.1,8.4,217.9,1025.1,68.8,4.3,21.8,1.9,1,10,2022-11-10T07:15:03,2022-11-10T16:58:46,0.56,"Rain, Partially cloudy",Partly cloudy throughout the day with early morning rain.,rain,"16080099999,16076099999,AV128,16066099999,06777099999,06771099999,LIML"
"Milano, Lombardia, Italia",11/11/2022,16.5,6.5,10.9,16.5,6.5,10.9,9.9,93.7,0.187,100,8.33,rain,0,0,14,9,229.7,1033.3,19.8,5.6,35.7,3.2,2,10,2022-11-11T07:16:27,2022-11-11T16:57:35,0.6,Rain,Clear conditions throughout the day with rain clearing later.,rain,"16080099999,16076099999,AV128,16066099999,06777099999,06771099999,LIML"
"Milano, Lombardia, Italia",12/11/2022,14,7.5,10.1,14,7.2,10,9.2,94.8,0.184,100,8.33,rain,0,0,15.5,7.5,240.8,1029.9,77.6,4.7,32,2.7,1,10,2022-11-12T07:17:51,2022-11-12T16:56:27,0.63,"Rain, Partially cloudy",Partly cloudy throughout the day with rain clearing later.,rain,"16080099999,16076099999,AV128,16066099999,06777099999,06771099999,LIML"
"Milano, Lombardia, Italia",13/11/2022,14.9,7,11,14.9,7,11,8,83.7,0.004,100,4.17,rain,0,0,26.5,10.7,64.5,1024.9,51.9,8.9,30.4,2.5,2,10,2022-11-13T07:19:15,2022-11-13T16:55:20,0.66,"Rain, Partially cloudy",Partly cloudy throughout the day with late afternoon rain.,rain,"16080099999,16076099999,AV128,16066099999,06777099999,06771099999,LIML"
"Milano, Lombardia, Italia",14/11/2022,11.9,7.3,10,11.9,7.3,9.7,9,93.6,1.174,100,54.17,rain,0,0,18.8,10.9,65.2,1022.8,58.2,7.7,21.3,1.9,1,10,2022-11-14T07:20:38,2022-11-14T16:54:16,0.69,"Rain, Partially cloudy",Partly cloudy throughout the day with a chance of rain throughout the day.,rain,"16080099999,16076099999,AV128,16066099999,06777099999,06771099999,LIML"
"Milano, Lombardia, Italia",15/11/2022,9,4.9,7.7,9,4.9,7.6,7.7,99.6,3.157,100,33.33,rain,0,0,18.1,6.5,19.2,1016.5,68.8,6.6,11.8,1.1,1,10,2022-11-15T07:22:01,2022-11-15T16:53:13,0.73,"Rain, Partially cloudy",Partly cloudy throughout the day with a chance of rain throughout the day.,rain,"16080099999,16076099999,AV128,16066099999,06777099999,06771099999,LIML"
"Milano, Lombardia, Italia",16/11/2022,12,8.5,10,12,7.8,9.8,9.2,95,6.033,100,8.33,rain,0,0,21.2,8.6,250,1005.1,79.1,6.9,18.5,1.5,1,10,2022-11-16T07:23:24,2022-11-16T16:52:12,0.75,"Rain, Partially cloudy",Partly cloudy throughout the day with rain clearing later.,rain,"16080099999,16076099999,AV128,16066099999,LIML"
"Milano, Lombardia, Italia",17/11/2022,12,6,9.3,12,6,9.2,8.6,96.1,0.307,100,8.33,rain,0,0,12.2,5.7,330.2,1002.3,49.7,6.4,22.2,1.9,1,10,2022-11-17T07:24:46,2022-11-17T16:51:14,0.79,"Rain, Partially cloudy",Partly cloudy throughout the day with late afternoon rain.,rain,"16080099999,16076099999,AV128,16066099999,06777099999,LIML,06771099999"
"Milano, Lombardia, Italia",18/11/2022,15.9,7.9,11.8,15.9,7.9,11.8,9,84.2,0.167,100,25,rain,0,0,40,15.5,264.8,1000.5,50.3,8.6,25.8,2.2,2,10,2022-11-18T07:26:08,2022-11-18T16:50:17,0.82,"Rain, Partially cloudy",Clearing in the afternoon with early morning rain.,rain,"16080099999,16076099999,AV128,16066099999,06777099999,06771099999,LIML"
"Milano, Lombardia, Italia",19/11/2022,12.9,4.9,8.4,12.9,4,8.1,6.3,87,0,0,0,,0,0,40,8.3,286.3,1005.9,44,9.5,27.9,2.4,1,10,2022-11-19T07:27:29,2022-11-19T16:49:23,0.85,Partially cloudy,Becoming cloudy in the afternoon.,partly-cloudy-day,"16080099999,16076099999,AV128,16066099999,06777099999,06771099999,LIML"
"Milano, Lombardia, Italia",20/11/2022,13.4,1,6.1,13.4,1,6.1,3.3,84.4,0.179,100,4.17,rain,0,0,27.8,7.7,256.2,1010.2,32.7,7.2,28.9,2.4,2,10,2022-11-20T07:28:50,2022-11-20T16:48:31,0.89,"Rain, Partially cloudy",Partly cloudy throughout the day with afternoon rain.,rain,"16080099999,16076099999,AV128,16066099999,06777099999,06771099999,LIML"
"Milano, Lombardia, Italia",21/11/2022,12.9,0,6.3,12.9,0,5.7,3.3,83.3,0.117,100,20.83,rain,0,0,24.4,17.9,101.2,1007.3,47.7,8.6,23.3,2,1,10,2022-11-21T07:30:10,2022-11-21T16:47:42,0.92,"Rain, Partially cloudy",Partly cloudy throughout the day with late afternoon rain.,rain,"16080099999,16076099999,AV128,16066099999,06777099999,06771099999,LIML"
"Milano, Lombardia, Italia",22/11/2022,10.9,4.6,7.6,10.9,4.3,6.1,6.8,94.6,26.351,100,45.83,rain,0,0,61.7,13.4,309.2,995.8,69,8.4,12.9,1.2,1,10,2022-11-22T07:31:29,2022-11-22T16:46:54,0.95,"Rain, Partially cloudy",Partly cloudy throughout the day with a chance of rain throughout the day.,rain,"16080099999,16076099999,AV128,16066099999,06777099999,06771099999,LIML"
"Milano, Lombardia, Italia",23/11/2022,12,0.7,5.2,12,-0.5,4.8,3.4,89.8,2.688,100,8.33,"rain,snow",0,0,48.2,7.4,54.2,1002.7,32.5,6.3,24.5,2.1,2,10,2022-11-23T07:32:48,2022-11-23T16:46:09,0,"Snow, Rain, Partially cloudy",Clearing in the afternoon with rain or snow.,rain,"16080099999,16076099999,AV128,16066099999,06777099999,06771099999,LIML"
"Milano, Lombardia, Italia",24/11/2022,14.4,2,6.8,14.4,-0.6,5.9,2.9,78.7,0,0,0,,0,0,32.3,9.3,271.4,1013,19.5,10,24.5,2,2,10,2022-11-24T07:34:06,2022-11-24T16:45:27,0.02,Clear,Clear conditions throughout the day.,clear-day,"16080099999,16076099999,D6875,AV128,16066099999,06777099999,06771099999,LIML"
"Milano, Lombardia, Italia",25/11/2022,11,4.4,7.3,11,3.6,7,5,85.6,0.01,100,4.17,rain,0,0,25.3,9.1,69.6,1018.9,34.8,9.3,25.1,2.1,1,10,2022-11-25T07:35:23,2022-11-25T16:44:46,0.05,"Rain, Partially cloudy",Partly cloudy throughout the day with afternoon rain.,rain,"16080099999,16076099999,AV128,16066099999,06777099999,06771099999,LIML"
"Milano, Lombardia, Italia",26/11/2022,13,1.1,5.6,13,-1.4,5.1,4.1,91.1,0.179,100,4.17,rain,0,0,51.6,8.7,265.5,1025.5,13.5,6.3,55.1,4.8,3,10,2022-11-26T07:36:39,2022-11-26T16:44:09,0.09,Rain,Clear conditions throughout the day with afternoon rain.,rain,"16080099999,16076099999,D6875,F5400,AV128,16066099999,06777099999,06771099999,LIML"
"Milano, Lombardia, Italia",27/11/2022,10.9,0.5,5,10.9,0.5,5,2.6,86.6,0,0,0,,0,0,13.7,8.3,134.9,1027.1,34.9,9.9,23,1.9,2,10,2022-11-27T07:37:54,2022-11-27T16:43:33,0.12,Partially cloudy,Partly cloudy throughout the day.,partly-cloudy-day,"16080099999,16076099999,AV128,16066099999,06777099999,06771099999,LIML"
"Milano, Lombardia, Italia",28/11/2022,8.4,3.9,6.3,7.9,3.9,6.1,4.1,86.3,0,0,0,,0,0,10.1,8.2,56.4,1019.1,70.4,10,13.1,1.1,1,10,2022-11-28T07:39:08,2022-11-28T16:43:00,0.16,Partially cloudy,Partly cloudy throughout the day.,partly-cloudy-day,"16080099999,16076099999,AV128,16066099999,06777099999,06771099999,LIML"
"Milano, Lombardia, Italia",29/11/2022,7.9,3.4,5.7,7.8,2.5,5.5,3.6,87.1,0.386,100,29.17,rain,0,0,13.2,6.5,87.2,1016.9,63.6,9.2,20.4,1.7,1,10,2022-11-29T07:40:21,2022-11-29T16:42:30,0.19,"Rain, Partially cloudy",Partly cloudy throughout the day with rain.,rain,"16080099999,16076099999,AV128,16066099999,06777099999,06771099999,LIML"
"Milano, Lombardia, Italia",30/11/2022,5.9,0.1,3.3,5.9,0.1,2.9,2.8,96.9,0.004,100,8.33,rain,0,0,18,9,3.8,1017.9,44.8,5.7,14.1,1.2,1,10,2022-11-30T07:41:33,2022-11-30T16:42:02,0.25,"Rain, Partially cloudy",Partly cloudy throughout the day with afternoon rain.,rain,"16080099999,16076099999,AV128,16066099999,06777099999,06771099999,LIML"
"Milano, Lombardia, Italia",01/12/2022,6.6,-0.1,2.5,6.6,-0.2,2.3,2.2,97.8,0.179,100,4.17,"rain,snow",0,0,17.6,5.5,251,1018.3,56.9,2.8,20.9,1.9,1,10,2022-12-01T07:42:44,2022-12-01T16:41:37,0.26,"Snow, Rain, Partially cloudy",Partly cloudy throughout the day with morning rain or snow.,rain,"16080099999,16076099999,AV128,16066099999,06777099999,06771099999,LIML"
"Milano, Lombardia, Italia",02/12/2022,7.9,3.9,5.9,6.6,3.9,5.1,4.2,89.5,0.048,100,16.67,rain,0,0,16,10.8,85.4,1018.4,81.1,8.3,19,1.5,1,10,2022-12-02T07:43:53,2022-12-02T16:41:14,0.3,"Rain, Partially cloudy",Partly cloudy throughout the day with late afternoon rain.,rain,"16080099999,16076099999,AV128,16066099999,06777099999,06771099999,LIML"
"Milano, Lombardia, Italia",03/12/2022,7.4,5.8,6.5,7.4,4.1,5.8,6.2,97.9,12.09,100,66.67,rain,0,0,31.8,10.7,3.7,1016.8,93.1,7.4,6.2,0.5,0,10,2022-12-03T07:45:00,2022-12-03T16:40:54,0.33,"Rain, Overcast",Cloudy skies throughout the day with a chance of rain throughout the day.,rain,"16080099999,16076099999,D6875,AV128,16066099999,06777099999,06771099999,LIML"
"Milano, Lombardia, Italia",04/12/2022,8.9,5.4,7.4,8.9,2.7,6.5,7.3,98.9,28.479,100,100,rain,0,0,25.2,11.9,335.5,1013.9,89,6.7,14.9,1.2,1,10,2022-12-04T07:46:07,2022-12-04T16:40:37,0.37,"Rain, Partially cloudy",Partly cloudy throughout the day with a chance of rain throughout the day.,rain,"16080099999,16076099999,D6875,AV128,16066099999,06777099999,06771099999,LIML"
"Milano, Lombardia, Italia",05/12/2022,8.9,4.8,7.9,8.9,3.2,6.8,7.9,99.7,3.416,100,58.33,rain,0,0,34.6,16.3,145.1,1017.2,78.9,5.7,8.6,0.7,1,10,2022-12-05T07:47:12,2022-12-05T16:40:22,0.4,"Rain, Partially cloudy",Partly cloudy throughout the day with a chance of rain throughout the day.,rain,"16080099999,16076099999,AV128,16066099999,06777099999,06771099999,LIML"
"Milano, Lombardia, Italia",06/12/2022,8,0,2.5,8,-0.9,2.3,2,96.3,0.179,100,4.17,rain,0,0,22.7,5.6,266.2,1016,17.9,4.3,22.5,2,1,10,2022-12-06T07:48:15,2022-12-06T16:40:10,0.44,Rain,Clear conditions throughout the day with afternoon rain.,rain,"16080099999,16076099999,AV128,16066099999,06777099999,06771099999,LIML"
"Milano, Lombardia, Italia",07/12/2022,4.1,-1.5,0.9,4.1,-2.2,0.4,0.8,98.9,0.179,100,4.17,rain,0,0,15.1,9,248.6,1013.3,29.1,1.2,15,1.2,1,10,2022-12-07T07:49:17,2022-12-07T16:40:01,0.47,"Rain, Partially cloudy",Becoming cloudy in the afternoon with afternoon rain.,rain,"16080099999,16076099999,AV128,16066099999,06777099999,06771099999,LIML"
"Milano, Lombardia, Italia",08/12/2022,6.9,1.9,3.8,6,-0.3,3.4,3.1,95.6,0.179,100,4.17,rain,0,0,18,7.4,237.8,1011.1,71.1,5.7,20.2,1.9,1,10,2022-12-08T07:50:16,2022-12-08T16:39:54,0.5,"Rain, Partially cloudy",Partly cloudy throughout the day with early morning rain.,rain,"16080099999,16076099999,AV128,16066099999,06777099999,06771099999,LIML"
"Milano, Lombardia, Italia",09/12/2022,4.9,3.9,4.6,4.9,1.1,3.1,4.5,99.4,11.765,100,66.67,"rain,snow",0.2,0.1,18,11.1,304.3,1004.2,91.6,6.2,8.2,0.7,0,10,2022-12-09T07:51:15,2022-12-09T16:39:50,0.54,"Snow, Rain, Overcast",Cloudy skies throughout the day with a chance of rain or snow throughout the day.,snow,"16080099999,16076099999,AV128,16066099999,06777099999,06771099999,LIML"
"Milano, Lombardia, Italia",10/12/2022,6,3,4.3,3.9,0.5,2.3,3.7,95.3,0.006,100,12.5,rain,0,0,47,11.9,258.4,999.2,86.8,6.1,15.1,1.4,1,10,2022-12-10T07:52:11,2022-12-10T16:39:49,0.57,"Rain, Partially cloudy",Partly cloudy throughout the day with rain clearing later.,rain,"16080099999,16076099999,D6875,AV128,16066099999,06777099999,06771099999,LIML"
"Milano, Lombardia, Italia",11/12/2022,6,0.2,2.6,3.4,-1.7,0.9,0.8,88.9,0,0,0,,0,0,50.6,16.4,136.4,1001.1,52.9,7.2,18.8,1.6,1,10,2022-12-11T07:53:05,2022-12-11T16:39:50,0.61,Partially cloudy,Partly cloudy throughout the day.,partly-cloudy-day,"16080099999,16076099999,AV128,16066099999,06777099999,06771099999,LIML"
"Milano, Lombardia, Italia",12/12/2022,3.8,-1.1,1.5,3.8,-5.2,0.5,0,90.9,0,0,0,,0,0,32.9,12.7,132.8,1008.9,54.6,8.1,20,1.6,1,10,2022-12-12T07:53:58,2022-12-12T16:39:54,0.64,Partially cloudy,Partly cloudy throughout the day.,partly-cloudy-day,"16080099999,16076099999,D6875,AV128,16066099999,06777099999,06771099999,LIML"
"Milano, Lombardia, Italia",13/12/2022,2,-0.2,1.3,2,-1.9,0.2,0.5,94.7,0.183,100,12.5,"rain,snow",0.6,0.2,16.8,10.9,217.4,1010.5,88.2,5.4,8.5,0.8,0,10,2022-12-13T07:54:48,2022-12-13T16:40:01,0.67,"Snow, Rain, Partially cloudy",Partly cloudy throughout the day with rain or snow.,snow,"16080099999,16076099999,D6875,AV128,16066099999,06777099999,06771099999,LIML"
"Milano, Lombardia, Italia",14/12/2022,4.9,-0.1,2.5,4.9,-2.6,1.8,0,84.2,0,0,0,,0,0,17.1,7.4,240.5,1006.5,69.8,8.3,19.8,1.7,1,10,2022-12-14T07:55:36,2022-12-14T16:40:11,0.71,Partially cloudy,Partly cloudy throughout the day.,partly-cloudy-day,"16080099999,16076099999,AV128,16066099999,06777099999,06771099999,LIML"
"Milano, Lombardia, Italia",15/12/2022,3.4,-1.6,1.9,3.4,-2.2,0.6,1.3,96.2,13.711,100,45.83,"rain,snow",2,0.5,28.7,11.8,329.8,1006,73.5,6,5.7,0.5,0,10,2022-12-15T07:56:23,2022-12-15T16:40:23,0.74,"Snow, Rain, Partially cloudy",Partly cloudy throughout the day with rain or snow.,snow,"16080099999,16076099999,D6875,AV128,16066099999,06777099999,06771099999,LIML"
"Milano, Lombardia, Italia",16/12/2022,5,1.7,3.3,4.9,-1.6,1.6,2.8,96.5,8.442,100,37.5,"rain,snow",0,0.3,24.5,13,245.6,1004.9,83.9,5.1,15,1.2,1,10,2022-12-16T07:57:07,2022-12-16T16:40:38,0.75,"Snow, Rain, Partially cloudy",Partly cloudy throughout the day with a chance of rain or snow throughout the day.,rain,"16080099999,16076099999,D6875,AV128,16066099999,06777099999,LIML,06771099999"
"Milano, Lombardia, Italia",17/12/2022,5.9,3,4.3,5.9,0.3,2.6,4,98.6,0,0,0,,0,0,37.4,11.8,256.4,1016.8,77.2,2.8,16.9,1.5,1,10,2022-12-17T07:57:48,2022-12-17T16:40:55,0.8,Partially cloudy,Partly cloudy throughout the day.,partly-cloudy-day,"16080099999,16076099999,D6875,AV128,16066099999,06777099999,06771099999,LIML"
"Milano, Lombardia, Italia",18/12/2022,6.9,3.8,4.6,6.1,2,3.9,4.5,98.7,0.179,100,4.17,rain,0,0,15.8,8.4,239.8,1031.7,76.7,3,18.5,1.7,1,10,2022-12-18T07:58:28,2022-12-18T16:41:15,0.84,"Rain, Partially cloudy",Partly cloudy throughout the day with late afternoon rain.,rain,"16080099999,16076099999,AV128,16066099999,06777099999,06771099999,LIML"
"Milano, Lombardia, Italia",19/12/2022,6,1.3,5.1,5.7,1.3,4.5,4.2,93.9,0,0,0,,0,0,16.5,9,233.6,1033.2,88.8,4.1,7.8,0.6,0,10,2022-12-19T07:59:05,2022-12-19T16:41:38,0.87,Partially cloudy,Partly cloudy throughout the day.,partly-cloudy-day,"16080099999,16076099999,D6875,AV128,16066099999,06777099999,06771099999,LIML"
"Milano, Lombardia, Italia",20/12/2022,6,3.9,5.2,5.9,2.4,3.8,3.5,88.5,0,0,0,rain,0,0,17.1,9.3,237.4,1028.5,84.4,7.8,7.5,0.5,0,10,2022-12-20T07:59:40,2022-12-20T16:42:03,0.9,Partially cloudy,Partly cloudy throughout the day.,partly-cloudy-day,"16080099999,16076099999,D6875,AV128,16066099999,06777099999,06771099999,LIML"
"Milano, Lombardia, Italia",21/12/2022,7.9,4.9,5.8,7.9,3,5.1,4.8,93.8,0.185,100,12.5,rain,0,0,21.6,8.2,227.5,1021.1,75.3,6.6,8.8,0.7,0,10,2022-12-21T08:00:13,2022-12-21T16:42:31,0.94,"Rain, Partially cloudy",Partly cloudy throughout the day with rain clearing later.,rain,"16080099999,16076099999,D6875,AV128,16066099999,06777099999,06771099999,LIML"
"Milano, Lombardia, Italia",22/12/2022,9,2.2,7.1,8.9,0.7,6.3,5.1,87.8,0,0,0,rain,0,0,17.6,10,264.8,1017.2,72.2,8.5,16.7,1.5,1,10,2022-12-22T08:00:43,2022-12-22T16:43:01,0.97,Partially cloudy,Partly cloudy throughout the day.,partly-cloudy-day,"16080099999,16076099999,D6875,AV128,16066099999,06777099999,06771099999,LIML"
"Milano, Lombardia, Italia",23/12/2022,10,5.9,7.7,9,4.4,7.1,6.6,93.2,0,0,0,,0,0,23.6,8.4,244.4,1015.5,84.5,6,14.9,1.3,1,10,2022-12-23T08:01:10,2022-12-23T16:43:34,0,Partially cloudy,Partly cloudy throughout the day.,partly-cloudy-day,"16080099999,16076099999,AV128,16066099999,06777099999,06771099999,LIML"
"Milano, Lombardia, Italia",24/12/2022,9,7.8,8.4,8.9,7.2,8,7.9,96.8,0,0,0,,0,0,24,8.2,76.9,1017.4,89.4,3.5,7.5,0.7,1,10,2022-12-24T08:01:35,2022-12-24T16:44:10,0.04,Partially cloudy,Partly cloudy throughout the day.,partly-cloudy-day,"16080099999,16076099999,D6875,AV128,16066099999,06777099999,06771099999,LIML"
"Milano, Lombardia, Italia",25/12/2022,9.9,7.8,9,9.9,7.8,8.8,8.1,93.9,0,0,0,,0,0,24.4,7.4,226.8,1023.9,90,4.6,10.4,0.9,1,10,2022-12-25T08:01:58,2022-12-25T16:44:47,0.07,Partially cloudy,Partly cloudy throughout the day.,partly-cloudy-day,"16080099999,16076099999,D6875,AV128,16066099999,06777099999,06771099999,LIML"
"Milano, Lombardia, Italia",26/12/2022,9.9,8.8,9.3,9.9,7.9,8.9,9.2,99.2,0.179,100,4.17,rain,0,0,16.8,8.7,246.8,1024.9,90.7,4.7,7.4,0.7,0,10,2022-12-26T08:02:18,2022-12-26T16:45:28,0.1,"Rain, Overcast",Cloudy skies throughout the day with late afternoon rain.,rain,"16080099999,16076099999,D6875,16066099999,06777099999,06771099999,LIML"
"Milano, Lombardia, Italia",27/12/2022,12.4,4.4,7.6,12.4,4.4,6.9,6.6,94.1,0,0,0,,0,0,18.8,9.9,19.3,1025.2,54.6,4.1,16.3,1.4,1,10,2022-12-27T08:02:35,2022-12-27T16:46:10,0.14,Partially cloudy,Partly cloudy throughout the day.,partly-cloudy-day,"16080099999,16076099999,AV128,16066099999,06777099999,06771099999,LIML"
"Milano, Lombardia, Italia",28/12/2022,9.9,5.9,7.6,9.9,4.9,7.4,7.3,97.7,0.179,100,4.17,rain,0,0,12.7,7.3,318,1025.8,89.7,4.6,9.1,0.6,1,10,2022-12-28T08:02:50,2022-12-28T16:46:55,0.17,"Rain, Partially cloudy",Partly cloudy throughout the day with afternoon rain.,rain,"16080099999,16076099999,AV128,16066099999,06777099999,06771099999,LIML"
"Milano, Lombardia, Italia",29/12/2022,8.9,6.9,8,8.9,6.9,7.9,7.3,95.3,0,0,0,rain,0,0,14.3,7.4,171.9,1021.9,86,4.3,10.2,0.8,0,10,2022-12-29T08:03:02,2022-12-29T16:47:42,0.21,Partially cloudy,Partly cloudy throughout the day.,partly-cloudy-day,"16080099999,16076099999,D6875,AV128,16066099999,06777099999,06771099999,LIML"
"Milano, Lombardia, Italia",30/12/2022,8.9,6.9,8.1,8.9,5.8,7.7,8,99.1,1.817,100,37.5,rain,0,0,18.1,7.5,184.6,1021.9,92.9,4,4.8,0.3,0,10,2022-12-30T08:03:12,2022-12-30T16:48:31,0.25,"Rain, Overcast",Cloudy skies throughout the day with a chance of rain throughout the day.,rain,"16080099999,16076099999,D6875,AV128,16066099999,06777099999,06771099999,LIML"
"Milano, Lombardia, Italia",31/12/2022,9,5.8,7.5,9,5,7,6.7,94.5,0.022,100,25,rain,0,0,19.6,8.2,237.1,1029.1,78.1,6.9,11.6,0.9,1,10,2022-12-31T08:03:19,2022-12-31T16:49:22,0.28,"Rain, Partially cloudy",Partly cloudy throughout the day with rain.,rain,"16080099999,16076099999,AV128,16066099999,06777099999,06771099999,LIML"
