name,datetime,tempmax,tempmin,temp,feelslikemax,feelslikemin,feelslike,dew,humidity,precip,precipprob,precipcover,preciptype,snow,snowdepth,windgust,windspeed,winddir,sealevelpressure,cloudcover,visibility,solarradiation,solarenergy,uvindex,severerisk,sunrise,sunset,moonphase,conditions,description,icon,stations
"Milano, Lombardia, Italia",2023-01-01,9.2,7.6,8.5,9.1,6.6,7.8,8.4,99.7,2.289,100,66.67,rain,0,0,16.8,9.2,240.9,1031,96.5,2.2,9.8,0.8,1,10,2023-01-01T08:03:23,2023-01-01T16:50:16,0.31,"Rain, Overcast",Cloudy skies throughout the day with a chance of rain throughout the day.,rain,"16080099999,16076099999,D6875,16066099999,06777099999,06771099999,LIML"
"Milano, Lombardia, Italia",2023-01-02,10.1,8.1,9.4,10.1,7.6,9.4,9.4,99.8,1.221,100,54.17,rain,0,0,5.4,5.3,208.6,1029.5,98.6,3.1,11.8,1.1,1,10,2023-01-02T08:03:24,2023-01-02T16:51:11,0.35,"Rain, Overcast",Cloudy skies throughout the day with a chance of rain throughout the day.,rain,"16080099999,16076099999,D6875,16066099999,06771099999"
"Milano, Lombardia, Italia",2023-01-03,10,9,9.8,10,9,9.7,9.7,99.9,3.813,100,62.5,rain,0,0,7.6,7.2,190.1,1029.2,94.8,4.7,10.3,0.9,1,10,2023-01-03T08:03:23,2023-01-03T16:52:09,0.38,"Rain, Overcast",Cloudy skies throughout the day with a chance of rain throughout the day.,rain,"16080099999,16076099999,D6875,16066099999,06771099999"
"Milano, Lombardia, Italia",2023-01-04,11.1,6,9.5,11.1,6,9.4,8.8,95.3,0.021,100,4.17,rain,0,0,11.2,10.6,257.9,1029.5,71.3,7.8,34.5,3,2,10,2023-01-04T08:03:20,2023-01-04T16:53:08,0.41,"Rain, Partially cloudy",Partly cloudy throughout the day with afternoon rain.,rain,"16080099999,16076099999,D6875,16066099999,06771099999"
"Milano, Lombardia, Italia",2023-01-05,14.1,5,8.4,14.1,2.6,7.7,7,91.8,0.183,100,4.17,rain,0,0,13,19.7,259.1,1023,40.9,6,47.6,4.1,2,10,2023-01-05T08:03:13,2023-01-05T16:54:09,0.45,"Rain, Partially cloudy",Partly cloudy throughout the day with morning rain.,rain,"16080099999,16076099999,D6875,16066099999,06771099999"
"Milano, Lombardia, Italia",2023-01-06,9,7.8,8.3,8.9,6.2,7.5,8.2,99.3,0.183,100,4.17,rain,0,0,9.4,9.2,72.6,1025.1,93.4,2.1,14,1.3,1,10,2023-01-06T08:03:04,2023-01-06T16:55:12,0.48,"Rain, Overcast",Cloudy skies throughout the day with late afternoon rain.,rain,"16080099999,16076099999,D6875,16066099999,06771099999"
"Milano, Lombardia, Italia",2023-01-07,7.9,7.8,7.9,7.9,6.5,7.6,7.2,95.8,0.183,100,4.17,rain,0,0,9.4,7.6,85.3,1023.6,97.6,5,9.7,0.8,1,10,2023-01-07T08:02:53,2023-01-07T16:56:17,0.5,"Rain, Overcast",Cloudy skies throughout the day with early morning rain.,rain,"16080099999,16076099999,D6875,16066099999,06771099999"
"Milano, Lombardia, Italia",2023-01-08,7.9,6.9,7.3,7.9,5,6.6,7.3,99.8,20.263,100,66.67,rain,0,0,13,10.7,80.4,1015.5,94.5,3.4,5.3,0.5,0,10,2023-01-08T08:02:38,2023-01-08T16:57:24,0.55,"Rain, Overcast",Cloudy skies throughout the day with a chance of rain throughout the day.,rain,"16080099999,16076099999,D6875,16066099999,06771099999"
"Milano, Lombardia, Italia",2023-01-09,10.7,6.9,8,10.7,4,6.6,5.1,85.2,12.051,100,20.83,rain,0,0,25.9,19.6,274.4,1004.6,47.2,8.5,38.1,3.3,3,10,2023-01-09T08:02:21,2023-01-09T16:58:32,0.58,"Rain, Partially cloudy",Clearing in the afternoon with early morning rain.,rain,"16080099999,16076099999,D6875,16066099999,06771099999"
"Milano, Lombardia, Italia",2023-01-10,15,4.1,9.4,15,3,8.4,-4.8,38.2,0,0,0,,0,0,50,25.2,311.7,1016.1,19.4,10,79.6,6.8,4,10,2023-01-10T08:02:02,2023-01-10T16:59:41,0.62,Clear,Clear conditions throughout the day.,clear-day,"16080099999,16076099999,D6875,16066099999,06777099999,06771099999,LIML"
"Milano, Lombardia, Italia",2023-01-11,9.1,1,4.6,9.1,-0.5,4.2,-0.7,69.1,0.014,100,4.17,rain,0,0,11.2,7.6,333.9,1020.3,41.9,10,43.5,3.7,2,10,2023-01-11T08:01:40,2023-01-11T17:00:52,0.65,"Rain, Partially cloudy",Partly cloudy throughout the day with afternoon rain.,rain,"16080099999,16076099999,D6875,16066099999,06771099999"
"Milano, Lombardia, Italia",2023-01-12,10.1,0,4.3,10.1,0,4.1,1.4,82.7,0,0,0,,0,0,25.2,7.3,281.2,1022.1,46,9.8,57.8,4.9,3,10,2023-01-12T08:01:15,2023-01-12T17:02:04,0.68,Partially cloudy,Partly cloudy throughout the day.,partly-cloudy-day,"16080099999,16076099999,D6875,16066099999,06777099999,06771099999"
"Milano, Lombardia, Italia",2023-01-13,9.2,1.1,4.8,8.2,-1.9,3.9,2.2,83.9,0,0,0,,0,0,18.4,9.3,285.2,1019,52.2,9.8,29.8,2.6,2,10,2023-01-13T08:00:48,2023-01-13T17:03:18,0.72,Partially cloudy,Partly cloudy throughout the day.,partly-cloudy-day,"16080099999,16076099999,D6875,16066099999,06777099999,06771099999"
"Milano, Lombardia, Italia",2023-01-14,10.1,-1.8,4.1,10.1,-3.6,3.3,1.5,85,0.183,100,4.17,rain,0,0,18.4,14.5,76,1021.4,37.2,8.5,62.5,5.5,3,10,2023-01-14T08:00:18,2023-01-14T17:04:33,0.75,"Rain, Partially cloudy",Partly cloudy throughout the day with afternoon rain.,rain,"16080099999,16076099999,D6875,16066099999,06771099999"
"Milano, Lombardia, Italia",2023-01-15,7,5.6,6.1,7,4.3,5.7,5.6,96.6,0.365,100,4.17,rain,0,0,26.3,7.5,272.2,1014.2,90.5,4.4,10,0.8,0,10,2023-01-15T07:59:46,2023-01-15T17:05:49,0.75,"Rain, Overcast",Cloudy skies throughout the day with afternoon rain.,rain,"16080099999,16076099999,D6875,16066099999,06777099999,06771099999"
"Milano, Lombardia, Italia",2023-01-16,5.9,2.1,4.3,5.9,-0.1,2.8,4.2,99.1,0.819,100,25,rain,0,0,12.2,15.7,118.8,999.1,87.8,2.2,11.9,0.9,1,10,2023-01-16T07:59:11,2023-01-16T17:07:07,0.82,"Rain, Partially cloudy",Partly cloudy throughout the day with rain.,rain,"16080099999,16076099999,D6875,16066099999,06771099999,LIML"
"Milano, Lombardia, Italia",2023-01-17,4.9,2,3.1,3.3,0.1,1.9,3,99.6,3.908,100,25,"rain,snow",0.5,0.2,13.2,12.4,219.4,990,86.8,4.7,8,0.7,1,10,2023-01-17T07:58:34,2023-01-17T17:08:25,0.85,"Snow, Rain, Partially cloudy",Partly cloudy throughout the day with rain or snow.,snow,"16080099999,16076099999,D6875,16066099999,06777099999,06771099999"
"Milano, Lombardia, Italia",2023-01-18,4.2,0.9,2.6,4,-1.5,1,2.1,96.7,0.183,100,4.17,rain,0,0,24.1,9.3,254.1,993.2,66.6,4.8,17.2,1.4,1,10,2023-01-18T07:57:55,2023-01-18T17:09:44,0.89,"Rain, Partially cloudy",Partly cloudy throughout the day with early morning rain.,rain,"16080099999,16076099999,D6875,16066099999,06777099999,06771099999"
"Milano, Lombardia, Italia",2023-01-19,4.1,2,3,4.1,-2.4,1.4,1.6,90.6,3.469,100,8.33,"rain,snow",0.4,0.4,40.7,17.5,338.2,1002.4,87.5,7.4,14.8,1.2,1,10,2023-01-19T07:57:13,2023-01-19T17:11:05,0.92,"Snow, Rain, Partially cloudy",Partly cloudy throughout the day with rain or snow in the morning and afternoon.,snow,"16080099999,16076099999,D6875,D4561,16066099999,06771099999"
"Milano, Lombardia, Italia",2023-01-20,6.1,0.1,2.4,5.2,-2.8,1.5,0,85.7,0,0,0,,0,0,46.4,9.5,248.2,1008.8,42.2,8.7,84.8,7.2,4,10,2023-01-20T07:56:28,2023-01-20T17:12:26,0.95,Partially cloudy,Partly cloudy throughout the day.,partly-cloudy-day,"16080099999,16076099999,D6875,D4561,16066099999,06771099999"
"Milano, Lombardia, Italia",2023-01-21,7.2,-3.6,1.4,7.2,-5.4,0.7,-3.6,71.1,0,0,0,,0,0,46.4,12.8,338.2,1010.8,45.9,10,56.2,4.8,3,10,2023-01-21T07:55:42,2023-01-21T17:13:48,0,Partially cloudy,Partly cloudy throughout the day.,partly-cloudy-day,"16080099999,16076099999,D6875,16066099999,06777099999,06771099999,LIML"
"Milano, Lombardia, Italia",2023-01-22,7,0,2.9,5.6,-1.8,2.1,-1.4,74.1,0,0,0,,0,0,24.1,11.1,221.9,1016.9,60.3,10,50.2,4.4,3,10,2023-01-22T07:54:53,2023-01-22T17:15:11,0.02,Partially cloudy,Partly cloudy throughout the day.,partly-cloudy-day,"16080099999,16076099999,D6875,D4561,16066099999,06777099999,06771099999"
"Milano, Lombardia, Italia",2023-01-23,5.1,-0.1,2.7,4.1,-2.5,1.6,-1.1,76.8,0,0,0,snow,0,0,20.5,9.2,278.1,1019.3,78.1,10,16,1.2,1,10,2023-01-23T07:54:02,2023-01-23T17:16:34,0.05,Partially cloudy,Partly cloudy throughout the day.,partly-cloudy-day,"16080099999,16076099999,D6875,16066099999,06771099999"
"Milano, Lombardia, Italia",2023-01-24,11,4,6.8,11,2.2,6.3,3,77.5,0.197,100,8.33,rain,0,0,14.8,9.5,311.3,1028.4,66.4,10,61.3,5.3,4,10,2023-01-24T07:53:09,2023-01-24T17:17:58,0.09,"Rain, Partially cloudy",Partly cloudy throughout the day with rain clearing later.,rain,"16080099999,16076099999,D6875,F5400,16066099999,06771099999"
"Milano, Lombardia, Italia",2023-01-25,9,1.9,5.8,8.4,1.9,5.3,4.1,90,0,0,0,,0,0,14.8,7.7,46.8,1025.5,60.9,9.1,63.4,5.6,3,10,2023-01-25T07:52:13,2023-01-25T17:19:23,0.12,Partially cloudy,Partly cloudy throughout the day.,partly-cloudy-day,"16080099999,16076099999,D6875,16066099999,06777099999,06771099999"
"Milano, Lombardia, Italia",2023-01-26,7,2.1,4.3,7,1,3.5,1.5,83.4,0.183,100,4.17,rain,0,0,13,8.8,114.3,1015.2,61.1,9.7,55.2,4.7,2,10,2023-01-26T07:51:15,2023-01-26T17:20:48,0.15,"Rain, Partially cloudy",Partly cloudy throughout the day with afternoon rain.,rain,"16080099999,16076099999,D6875,16066099999,06771099999"
"Milano, Lombardia, Italia",2023-01-27,5,0.9,3.6,5,0.6,2.5,-1.2,71.4,0,0,0,,0,0,11.2,10.6,89.6,1013.6,76.9,9.9,31.2,2.8,2,10,2023-01-27T07:50:16,2023-01-27T17:22:14,0.19,Partially cloudy,Partly cloudy throughout the day.,partly-cloudy-day,"16080099999,16076099999,D6875,16066099999,06777099999,06771099999,LIML"
"Milano, Lombardia, Italia",2023-01-28,8,-1.2,2.5,7.9,-1.2,2,-2,74.7,0,0,0,,0,0,13,9.3,248.5,1018.7,35.1,10,84.6,7.3,4,10,2023-01-28T07:49:14,2023-01-28T17:23:40,0.25,Partially cloudy,Clearing in the afternoon.,partly-cloudy-day,"16080099999,16076099999,D6875,16066099999,06777099999,06771099999,LIML"
"Milano, Lombardia, Italia",2023-01-29,8,-2.1,2.5,7.2,-3.2,1.9,-2,73.5,0,0,0,,0,0,14.8,9.3,280,1024.4,8.5,10,88,7.5,4,10,2023-01-29T07:48:10,2023-01-29T17:25:06,0.25,Clear,Clear conditions throughout the day.,clear-day,"16080099999,16076099999,D6875,16066099999,06771099999,LIML"
"Milano, Lombardia, Italia",2023-01-30,10,-3,3.2,7.9,-3,2.1,-1.1,76.2,0,0,0,,0,0,16.6,16.4,276.5,1018.6,12.3,9.2,87.5,7.5,4,10,2023-01-30T07:47:05,2023-01-30T17:26:33,0.29,Clear,Clear conditions throughout the day.,clear-day,"16080099999,16076099999,D6875,16066099999,06777099999,06771099999,LIML"
"Milano, Lombardia, Italia",2023-01-31,10.1,-2,4,10.1,-4.9,2.6,-0.3,75.6,0,0,0,,0,0,48.1,12.9,278.6,1021.3,3.8,9.1,91.5,7.8,4,10,2023-01-31T07:45:57,2023-01-31T17:28:00,0.32,Clear,Clear conditions throughout the day.,clear-day,"16080099999,16076099999,D6875,16066099999,06777099999,06771099999,LIML"
"Milano, Lombardia, Italia",2023-02-01,14,-0.1,7.3,14,-0.7,6.7,1.7,68.4,0,0,0,,0,0,27.7,18.2,274.7,1020.2,1,10,106.8,9.2,4,10,2023-02-01T07:44:47,2023-02-01T17:29:27,0.36,Clear,Clear conditions throughout the day.,clear-day,"16080099999,16076099999,D6875,16066099999,06777099999,06771099999,LIML"
"Milano, Lombardia, Italia",2023-02-02,16,2.8,9.2,16,-0.6,7.8,0.3,55.8,0,0,0,,0,0,39.2,22,266.7,1021.6,0,10,109,9.3,5,10,2023-02-02T07:43:36,2023-02-02T17:30:55,0.39,Clear,Clear conditions throughout the day.,clear-day,"16080099999,16076099999,D6875,16066099999,06777099999,06771099999,LIML"
"Milano, Lombardia, Italia",2023-02-03,15,0.2,8.2,15,-0.7,7.4,1.4,63.8,0,0,0,,0,0,38.3,25.9,267.5,1023.9,10.6,10,101.1,8.7,5,10,2023-02-03T07:42:23,2023-02-03T17:32:23,0.42,Clear,Clear conditions throughout the day.,clear-day,"16080099999,16076099999,D6875,16066099999,06777099999,06771099999,LIML"
"Milano, Lombardia, Italia",2023-02-04,20.9,6.7,12.4,20.9,3.3,10.8,0.6,51.6,0,0,0,,0,0,51.8,28.6,320.8,1021.2,0,9.9,117.5,10,5,10,2023-02-04T07:41:08,2023-02-04T17:33:50,0.46,Clear,Clear conditions throughout the day.,clear-day,"16080099999,16076099999,D6875,16066099999,06771099999,LIML"
"Milano, Lombardia, Italia",2023-02-05,9,2.8,6.3,6.6,1.9,4.1,-0.5,62.2,0,0,0,,0,0,37.1,23,94.1,1030.9,29.1,9.9,94.2,8.1,4,10,2023-02-05T07:39:51,2023-02-05T17:35:18,0.5,Partially cloudy,Becoming cloudy in the afternoon.,partly-cloudy-day,"16080099999,16076099999,D6875,16066099999,06771099999,LIML"
"Milano, Lombardia, Italia",2023-02-06,6,3,4.8,4.4,-1.6,2.2,-1,66.6,0,0,0,,0,0,33.1,20.5,98.8,1033.3,88.8,10,45.9,3.8,2,10,2023-02-06T07:38:33,2023-02-06T17:36:46,0.52,Partially cloudy,Partly cloudy throughout the day.,partly-cloudy-day,"16080099999,16076099999,D6875,16066099999,06777099999,06771099999,LIML"
"Milano, Lombardia, Italia",2023-02-07,7,-0.3,2.7,6.1,-3.2,0.4,-4.8,59.1,0,0,0,,0,0,35.3,23.7,97.7,1036.1,28.9,10,108.2,9.2,4,10,2023-02-07T07:37:13,2023-02-07T17:38:14,0.56,Partially cloudy,Partly cloudy throughout the day.,partly-cloudy-day,"16080099999,16076099999,D6875,16066099999,06777099999,06771099999"
"Milano, Lombardia, Italia",2023-02-08,6,-5,1.3,4.1,-5.2,-0.7,-5.9,61.8,0,0,0,,0,0,16.6,17.3,109.1,1036.7,23.8,10,103.3,8.9,4,10,2023-02-08T07:35:51,2023-02-08T17:39:42,0.59,Partially cloudy,Partly cloudy throughout the day.,partly-cloudy-day,"16080099999,16076099999,D6875,16066099999,06771099999,LIML"
"Milano, Lombardia, Italia",2023-02-09,5.1,-0.3,1.9,5.1,-3.2,0.2,-8.3,47.6,0,0,0,,0,0,24.1,13.9,197.9,1037,38.9,10,102,8.7,4,10,2023-02-09T07:34:28,2023-02-09T17:41:10,0.63,Partially cloudy,Clearing in the afternoon.,partly-cloudy-day,"16080099999,16076099999,D6875,16066099999,06777099999,06771099999,LIML"
"Milano, Lombardia, Italia",2023-02-10,7.1,-5,0.8,7.1,-5.3,0.5,-6.6,60.4,0,0,0,,0,0,14,5.5,231.4,1036.5,0,10,111.1,9.5,5,10,2023-02-10T07:33:03,2023-02-10T17:42:37,0.66,Clear,Clear conditions throughout the day.,clear-day,"16080099999,16076099999,D6875,16066099999,06777099999,06771099999"
"Milano, Lombardia, Italia",2023-02-11,10.1,-4,2,10.1,-6.5,1.1,-5,63.1,0,0,0,,0,0,18.4,10.9,254.2,1035,12.9,10,103,9.1,4,10,2023-02-11T07:31:37,2023-02-11T17:44:05,0.7,Clear,Clear conditions throughout the day.,clear-day,"16080099999,16076099999,D6875,16066099999,06777099999,06771099999,LIML"
"Milano, Lombardia, Italia",2023-02-12,14.1,-1.9,5.8,14.1,-1.9,5.3,-3.7,53.6,0,0,0,,0,0,22.3,14.1,88.2,1032.9,0,10,119.6,10.4,5,10,2023-02-12T07:30:09,2023-02-12T17:45:32,0.73,Clear,Clear conditions throughout the day.,clear-day,"16080099999,16076099999,D6875,16066099999,06771099999"
"Milano, Lombardia, Italia",2023-02-13,13.1,-1.9,5.6,13.1,-2,5.1,-0.7,65.5,0,0,0,,0,0,16.6,9.2,286.1,1037,0,9.7,112.4,9.9,5,10,2023-02-13T07:28:40,2023-02-13T17:47:00,0.75,Clear,Clear conditions throughout the day.,clear-day,"16080099999,16076099999,D6875,16066099999,06777099999,06771099999,LIML"
"Milano, Lombardia, Italia",2023-02-14,15.1,-1,5.9,15.1,-1.3,5.8,0.4,72.1,0,0,0,,0,0,14.8,12.8,279.4,1033.4,0,9.2,116.6,10,5,10,2023-02-14T07:27:10,2023-02-14T17:48:27,0.8,Clear,Clear conditions throughout the day.,clear-day,"16080099999,16076099999,D6875,16066099999,06777099999,06771099999,LIML"
"Milano, Lombardia, Italia",2023-02-15,17.1,0,7.1,17.1,0,7,0.9,69.9,0,0,0,,0,0,11.2,9.2,292.2,1029,0.7,9,124.3,10.7,5,10,2023-02-15T07:25:38,2023-02-15T17:49:54,0.83,Clear,Clear conditions throughout the day.,clear-day,"16080099999,16076099999,D6875,16066099999,06771099999"
"Milano, Lombardia, Italia",2023-02-16,15.9,0.1,7.6,15.9,-1.7,7.3,3,74.6,0,0,0,,0,0,18.4,14.2,254.5,1028.3,28.3,9.5,119.8,10.3,5,10,2023-02-16T07:24:06,2023-02-16T17:51:21,0.87,Partially cloudy,Partly cloudy throughout the day.,partly-cloudy-day,"16080099999,16076099999,D6875,16066099999,06777099999,06771099999"
"Milano, Lombardia, Italia",2023-02-17,15.9,1,8.8,15.9,1,8.4,4.4,76.5,0,0,0,,0,0,18.4,14.5,266.5,1028.9,3.3,8.7,118.7,10.3,5,10,2023-02-17T07:22:31,2023-02-17T17:52:47,0.9,Clear,Clear conditions throughout the day.,clear-day,"16080099999,16076099999,D6875,16066099999,06771099999"
"Milano, Lombardia, Italia",2023-02-18,16,2.9,9.8,16,1.5,9.4,4.8,73.3,0,0,0,,0,0,18.4,16.4,262.6,1026.8,11.2,9.8,126.9,11,5,10,2023-02-18T07:20:56,2023-02-18T17:54:14,0.94,Clear,Clear conditions throughout the day.,clear-day,"16080099999,16076099999,D6875,16066099999,06771099999"
"Milano, Lombardia, Italia",2023-02-19,16,3,9.7,16,3,9.2,6.2,80.6,0,0,0,,0,0,18.4,20.1,284.9,1022.7,40.3,9,108.5,9.4,5,10,2023-02-19T07:19:20,2023-02-19T17:55:40,0.97,Partially cloudy,Becoming cloudy in the afternoon.,partly-cloudy-day,"16080099999,16076099999,D6875,16066099999,06777099999,06771099999"
"Milano, Lombardia, Italia",2023-02-20,13,4.3,8.2,13,4.1,8,6.3,88.6,0,0,0,,0,0,13,7.7,353.9,1025.8,47.1,5.8,38.8,3.5,2,10,2023-02-20T07:17:42,2023-02-20T17:57:06,0,Partially cloudy,Partly cloudy throughout the day.,partly-cloudy-day,"16080099999,16076099999,D6875,16066099999,06771099999"
"Milano, Lombardia, Italia",2023-02-21,14.9,1.2,7.9,14.9,1.2,7.8,5.5,86.4,0,0,0,,0,0,20.5,9.6,239.6,1021,46.6,5.3,99.3,8.6,4,10,2023-02-21T07:16:03,2023-02-21T17:58:31,0.04,Partially cloudy,Partly cloudy throughout the day.,partly-cloudy-day,"16080099999,16076099999,D6875,16066099999,06777099999,06771099999,LIML"
"Milano, Lombardia, Italia",2023-02-22,13,9,10.5,13,8,10.3,7.6,83,0,0,0,rain,0,0,15.5,7.6,170,1017.4,82,5.2,22.1,1.9,1,10,2023-02-22T07:14:24,2023-02-22T17:59:57,0.07,Partially cloudy,Partly cloudy throughout the day.,partly-cloudy-day,"16080099999,16076099999,D6875,16066099999,06777099999,06771099999,LIML"
"Milano, Lombardia, Italia",2023-02-23,14.9,8.8,11.3,14.9,8.8,11.3,8.1,81.8,0,0,0,rain,0,0,14.8,9,107.5,1014.9,84.3,5.7,74.6,6.5,3,10,2023-02-23T07:12:43,2023-02-23T18:01:22,0.1,Partially cloudy,Partly cloudy throughout the day.,partly-cloudy-day,"16080099999,16076099999,D6875,16066099999,06771099999"
"Milano, Lombardia, Italia",2023-02-24,13.9,8.1,10.7,13.9,8.1,10.6,8.5,86.9,0.125,100,20.83,rain,0,0,9.4,7.1,55.4,1011.5,87.1,4.9,43.5,3.7,2,10,2023-02-24T07:11:01,2023-02-24T18:02:46,0.14,"Rain, Partially cloudy",Partly cloudy throughout the day with rain.,rain,"16080099999,16076099999,D6875,16066099999,06771099999"
"Milano, Lombardia, Italia",2023-02-25,15.9,7.1,10.9,15.9,7.1,10.9,8.2,85,0.579,100,8.33,rain,0,0,35.3,18.2,266.9,1000.8,47.8,7.7,96.4,8.4,6,10,2023-02-25T07:09:19,2023-02-25T18:04:11,0.17,"Rain, Partially cloudy",Clearing in the afternoon with early morning rain.,rain,"16080099999,16076099999,D6875,16066099999,06777099999,06771099999"
"Milano, Lombardia, Italia",2023-02-26,7.7,2.8,4.8,7.7,-0.8,2.3,2.1,83.1,1.167,100,8.33,"rain,snow",0.2,0,29.8,33.8,85.7,1002,66,10,16,1.3,1,10,2023-02-26T07:07:35,2023-02-26T18:05:35,0.2,"Snow, Rain, Partially cloudy",Partly cloudy throughout the day with rain or snow in the morning and afternoon.,snow,"16080099999,16076099999,D6875,16066099999,06777099999,06771099999"
"Milano, Lombardia, Italia",2023-02-27,6,1.8,4.1,5.1,-2,2,0.9,80.6,0.948,100,16.67,"rain,snow",0.3,0.2,16.6,15.5,359.7,1016.5,71.3,10,31.5,2.7,1,10,2023-02-27T07:05:51,2023-02-27T18:06:59,0.25,"Snow, Rain, Partially cloudy",Partly cloudy throughout the day with a chance of rain or snow throughout the day.,snow,"16080099999,16076099999,D6875,16066099999,06777099999,06771099999"
"Milano, Lombardia, Italia",2023-02-28,9,2.8,5.4,9,0.6,4.1,-0.9,64.4,0.024,100,12.5,rain,0,0,16.6,14,61.8,1021.5,64.2,10,97.9,8.4,4,10,2023-02-28T07:04:06,2023-02-28T18:08:22,0.27,"Rain, Partially cloudy",Partly cloudy throughout the day with rain clearing later.,rain,"16080099999,16076099999,D6875,16066099999,06771099999"
"Milano, Lombardia, Italia",2023-03-01,9.1,-0.1,4.7,7.9,-0.1,3.9,0.8,78,0.918,100,8.33,rain,0,0,24.1,11,352.4,1017.6,73.4,9.3,50.8,4.4,3,10,2023-03-01T07:02:20,2023-03-01T18:09:46,0.3,"Rain, Partially cloudy",Partly cloudy throughout the day with late afternoon rain.,rain,"16080099999,16076099999,D6875,16066099999,06777099999,06771099999"
"Milano, Lombardia, Italia",2023-03-02,11,4,7.3,11,2.5,6.7,4.2,81.5,4.604,100,8.33,rain,0,0,22.3,10.6,310.2,1017.2,75.1,9.1,53,4.6,2,10,2023-03-02T07:00:33,2023-03-02T18:11:09,0.33,"Rain, Partially cloudy",Partly cloudy throughout the day with early morning rain.,rain,"16080099999,16076099999,D6875,16066099999,06771099999,LIML"
"Milano, Lombardia, Italia",2023-03-03,14,2,8.4,14,2,8.4,4,76.4,0,0,0,,0,0,27.7,9.3,216.8,1016,42.1,9.6,137.9,11.8,6,10,2023-03-03T06:58:46,2023-03-03T18:12:32,0.37,Partially cloudy,Partly cloudy throughout the day.,partly-cloudy-day,"16080099999,D6875,16076099999,16066099999,06777099999,LIML,06771099999"
"Milano, Lombardia, Italia",2023-03-04,15,3.9,8.9,15,3.9,8.8,4.3,75.4,0,0,0,,0,0,20.5,10.9,195.8,1015.9,16.4,9.8,141.6,12.1,5,10,2023-03-04T06:56:58,2023-03-04T18:13:54,0.4,Clear,Clear conditions throughout the day.,clear-day,"16080099999,16076099999,D6875,16066099999,06777099999,06771099999"
"Milano, Lombardia, Italia",2023-03-05,16,1.9,8.7,16,1.9,8.5,3.8,74.9,0,0,0,,0,0,20.5,10.8,236.8,1010.7,16.8,7.7,147.1,12.7,6,10,2023-03-05T06:55:10,2023-03-05T18:15:16,0.43,Clear,Clear conditions throughout the day.,clear-day,"16080099999,16076099999,D6875,16066099999,06777099999,06771099999"
"Milano, Lombardia, Italia",2023-03-06,13.9,4.9,9.7,13.9,4.9,9.4,4,69,0,0,0,rain,0,0,22.3,8.8,254.2,1005.4,55.3,10,102.3,8.7,5,10,2023-03-06T06:53:20,2023-03-06T18:16:38,0.46,Partially cloudy,Partly cloudy throughout the day.,partly-cloudy-day,"16080099999,16076099999,D6875,F5400,16066099999,06777099999,06771099999"
"Milano, Lombardia, Italia",2023-03-07,14,5.8,9.9,14,5.8,9.8,4.1,68.3,0,0,0,rain,0,0,14.8,9.5,257.6,1003.4,69.3,9.8,73.4,6.3,6,10,2023-03-07T06:51:31,2023-03-07T18:18:00,0.5,Partially cloudy,Partly cloudy throughout the day.,partly-cloudy-day,"16080099999,16076099999,D6875,D8587,16066099999,06777099999,06771099999,LIML"
"Milano, Lombardia, Italia",2023-03-08,15,3,10.1,15,3,10,4.7,70.9,0,0,0,,0,0,20.5,12.6,278.7,1004.5,59.2,10,108.8,9.3,6,10,2023-03-08T06:49:40,2023-03-08T18:19:21,0.53,Partially cloudy,Partly cloudy throughout the day.,partly-cloudy-day,"16080099999,16076099999,D6875,16066099999,06771099999"
"Milano, Lombardia, Italia",2023-03-09,18.1,9.7,13.1,18.1,8.8,13,7.6,71.9,0.936,100,12.5,rain,0,0,17.6,12.6,267.9,1003.8,86.4,9.8,125.6,10.9,5,10,2023-03-09T06:47:50,2023-03-09T18:20:42,0.57,"Rain, Partially cloudy",Partly cloudy throughout the day with rain clearing later.,rain,"16080099999,16076099999,D6875,16066099999,06777099999,06771099999"
"Milano, Lombardia, Italia",2023-03-10,18,8.2,13,18,6.6,12.7,6.7,68.5,0,0,0,rain,0,0,46.4,18.2,305.9,999,65.6,9.5,162.1,13.8,6,10,2023-03-10T06:45:58,2023-03-10T18:22:03,0.6,Partially cloudy,Partly cloudy throughout the day.,partly-cloudy-day,"16080099999,16076099999,D6875,16066099999,06777099999,06771099999"
"Milano, Lombardia, Italia",2023-03-11,22,7.6,15.1,22,5.6,14.7,2.1,43.7,0,0,0,,0,0,46.4,20.3,287.3,998.6,30,10,176.3,15.3,7,10,2023-03-11T06:44:07,2023-03-11T18:23:24,0.64,Partially cloudy,Clearing in the afternoon.,partly-cloudy-day,"16080099999,16076099999,D6875,16066099999,06777099999,06771099999,LIML"
"Milano, Lombardia, Italia",2023-03-12,16.1,7.8,11.9,16.1,6.5,11.6,5.8,67.3,0,0,0,,0,0,31.7,19.2,101.2,1012,10,10,165.8,14.3,6,10,2023-03-12T06:42:15,2023-03-12T18:24:44,0.67,Clear,Clear conditions throughout the day.,clear-day,"16080099999,16076099999,D6875,16066099999,06771099999,LIML"
"Milano, Lombardia, Italia",2023-03-13,15,7,11.4,15,5.7,11,5.7,68.7,0.041,100,8.33,rain,0,0,18.4,10.8,107.2,1016.5,64.7,9.8,57.5,4.9,3,10,2023-03-13T06:40:22,2023-03-13T18:26:04,0.71,"Rain, Partially cloudy",Partly cloudy throughout the day with late afternoon rain.,rain,"16080099999,16076099999,D6875,16066099999,06777099999,06771099999"
"Milano, Lombardia, Italia",2023-03-14,14.1,9,11.7,14.1,6.1,11.5,8.4,81.1,7.652,100,33.33,rain,0,0,50,21.7,127.9,1003.2,57.3,8.7,99.4,8.5,4,10,2023-03-14T06:38:30,2023-03-14T18:27:24,0.74,"Rain, Partially cloudy",Partly cloudy throughout the day with rain clearing later.,rain,"16080099999,16076099999,D6875,16066099999,06771099999"
"Milano, Lombardia, Italia",2023-03-15,15.7,7,12.2,15.7,5.2,12,-8.3,24.8,0.014,100,4.17,rain,0,0,72.4,36.8,350,1010.4,16.8,10,176,15.3,7,10,2023-03-15T06:36:37,2023-03-15T18:28:44,0.75,Rain,Clear conditions throughout the day with late afternoon rain.,rain,"16080099999,16076099999,D6875,16066099999,06777099999,06771099999"
"Milano, Lombardia, Italia",2023-03-16,15,2,9.3,15,1.5,8.8,-1.7,47.5,0,0,0,,0,0,16.6,14.3,109.2,1019.9,10.8,10,172.7,14.9,6,10,2023-03-16T06:34:43,2023-03-16T18:30:04,0.81,Clear,Clear conditions throughout the day.,clear-day,"16080099999,16076099999,D6875,16066099999,06771099999"
"Milano, Lombardia, Italia",2023-03-17,14,1.9,8.9,14,-0.6,8.3,-0.5,53.9,0,0,0,,0,0,18.4,10.9,88.1,1021.6,50.9,10,148.8,12.8,6,10,2023-03-17T06:32:50,2023-03-17T18:31:23,0.85,Partially cloudy,Partly cloudy throughout the day.,partly-cloudy-day,"16080099999,16076099999,D6875,16066099999,06777099999,06771099999"
"Milano, Lombardia, Italia",2023-03-18,16.6,3,9.6,16.6,3,9.6,1.4,60.2,0,0,0,,0,0,22.9,7.5,207.5,1018,65,10,164.1,14.4,6,10,2023-03-18T06:30:56,2023-03-18T18:32:42,0.88,Partially cloudy,Partly cloudy throughout the day.,partly-cloudy-day,"16080099999,16076099999,D6875,16066099999,06777099999,06771099999,LIML"
"Milano, Lombardia, Italia",2023-03-19,15.7,4.8,10.6,15.7,4.8,10.6,4.8,68.6,0,0,0,rain,0,0,21.5,10.6,127.4,1019,49.8,9.4,113.6,9.8,5,10,2023-03-19T06:29:02,2023-03-19T18:34:01,0.92,Partially cloudy,Partly cloudy throughout the day.,partly-cloudy-day,"16080099999,16076099999,D6875,16066099999,06777099999,06771099999,LIML"
"Milano, Lombardia, Italia",2023-03-20,15.8,5.8,10.7,15.8,4.9,10.5,6.8,78.8,0,0,0,,0,0,22.1,9.1,116.7,1019.1,26.2,9.1,146.9,12.7,6,10,2023-03-20T06:27:08,2023-03-20T18:35:20,0.96,Partially cloudy,Partly cloudy throughout the day.,partly-cloudy-day,"16080099999,16076099999,D6875,16066099999,06777099999,06771099999"
"Milano, Lombardia, Italia",2023-03-21,18.7,4.1,12.1,18.7,4.1,12,6.5,72.5,0,0,0,,0,0,25.9,9.3,234.5,1016.9,8.3,8.8,169.3,14.5,7,10,2023-03-21T06:25:14,2023-03-21T18:36:39,0,Clear,Clear conditions throughout the day.,clear-day,"16080099999,16076099999,D6875,16066099999,06777099999,06771099999,LIML"
"Milano, Lombardia, Italia",2023-03-22,21,6.9,13.9,21,6.9,13.9,6.4,64.1,0,0,0,,0,0,26.5,9.4,208.3,1015,9.5,9.7,190.6,16.4,7,10,2023-03-22T06:23:20,2023-03-22T18:37:58,0.02,Clear,Clear conditions throughout the day.,clear-day,"16080099999,16076099999,D6875,16066099999,06777099999,06771099999,LIML"
"Milano, Lombardia, Italia",2023-03-23,20.7,7.3,14.5,20.7,7.3,14.5,7,61.1,0,0,0,,0,0,29.5,14.2,260.4,1014.8,69.3,10,174.9,14.9,7,10,2023-03-23T06:21:26,2023-03-23T18:39:16,0.06,Partially cloudy,Partly cloudy throughout the day.,partly-cloudy-day,"16080099999,16076099999,D6875,16066099999,06777099999,06771099999,LIML"
"Milano, Lombardia, Italia",2023-03-24,17.5,12.6,14.6,17.5,12.6,14.6,8.7,68.1,0.086,100,37.5,rain,0,0,22.6,15.9,278.8,1014.4,77.7,10,59,5,3,10,2023-03-24T06:19:32,2023-03-24T18:40:34,0.09,"Rain, Partially cloudy",Partly cloudy throughout the day with rain.,rain,"16080099999,16076099999,D6875,16066099999,06777099999,06771099999"
"Milano, Lombardia, Italia",2023-03-25,21.7,10.7,15.8,21.7,10.7,15.8,5,54.6,0.023,100,16.67,rain,0,0,35.9,18.3,275.3,1011.3,50.1,9.9,203.3,17.6,7,10,2023-03-25T06:17:37,2023-03-25T18:41:53,0.12,"Rain, Partially cloudy",Clearing in the afternoon with rain clearing later.,rain,"16080099999,16076099999,D6875,16066099999,06777099999,06771099999,LIML"
"Milano, Lombardia, Italia",2023-03-26,14.7,6.8,10.6,14.7,5,10.2,6.5,76.7,5.54,100,16.67,rain,0,0,35.9,11.1,56.2,1007.6,49.7,9.7,78.9,6.7,4,10,2023-03-26T07:15:43,2023-03-26T19:43:11,0.15,"Rain, Partially cloudy",Partly cloudy throughout the day with rain.,rain,"16080099999,16076099999,D6875,16066099999,06777099999,06771099999"
"Milano, Lombardia, Italia",2023-03-27,17.6,6.8,12.1,17.6,4.6,11.3,-2.3,45.5,0.179,100,4.17,rain,0,0,70.9,31.3,322.9,1007.2,20,10,209.6,18.2,7,10,2023-03-27T07:13:49,2023-03-27T19:44:29,0.18,Rain,Partly cloudy throughout the day with morning rain.,rain,"16080099999,16076099999,D6875,16066099999,06777099999,06771099999"
"Milano, Lombardia, Italia",2023-03-28,15.8,5.5,11.2,15.8,3.7,10.3,-8.8,24.6,0,0,0,,0,0,61.1,38.6,295.6,1021.8,5.6,10,202.2,17.4,7,10,2023-03-28T07:11:55,2023-03-28T19:45:47,0.22,Clear,Clear conditions throughout the day.,clear-day,"16080099999,16076099999,D6875,F5400,16066099999,06777099999,06771099999,LIML"
"Milano, Lombardia, Italia",2023-03-29,17.7,4.7,11.7,17.7,4.7,11.3,2.4,53.5,0,0,0,,0,0,25.9,16.3,261.6,1022.7,38.2,10,204.7,17.9,8,10,2023-03-29T07:10:01,2023-03-29T19:47:05,0.25,Partially cloudy,Clearing in the afternoon.,partly-cloudy-day,"16080099999,16076099999,D6875,16066099999,06777099999,06771099999,LIML"
"Milano, Lombardia, Italia",2023-03-30,16.9,11.6,13.4,16.9,11.6,13.4,8.4,72.4,0.495,100,41.67,rain,0,0,28.4,16.4,263.2,1020.7,63.2,9.8,82,7.1,4,10,2023-03-30T07:08:08,2023-03-30T19:48:22,0.28,"Rain, Partially cloudy",Partly cloudy throughout the day with rain.,rain,"16080099999,16076099999,D6875,16066099999,06777099999,06771099999,LIML"
"Milano, Lombardia, Italia",2023-03-31,14.6,9.8,12.5,14.6,9.8,12.5,7.5,72,0.066,100,33.33,rain,0,0,23.7,10.9,40.7,1011.7,79.5,10,65.6,5.5,3,10,2023-03-31T07:06:14,2023-03-31T19:49:40,0.31,"Rain, Partially cloudy",Partly cloudy throughout the day with rain.,rain,"16080099999,16076099999,D6875,16066099999,06777099999,06771099999"
"Milano, Lombardia, Italia",2023-04-01,20.6,4.9,13.2,20.6,4.9,13,3.2,58.5,0,0,0,,0,0,32,14.4,264.7,1004.7,43.8,10,225.3,19.5,8,10,2023-04-01T07:04:21,2023-04-01T19:50:58,0.35,Partially cloudy,Clearing in the afternoon.,partly-cloudy-day,"16080099999,16076099999,D6875,16066099999,06777099999,06771099999,LIML"
"Milano, Lombardia, Italia",2023-04-02,18.7,9.7,13.8,18.7,8.4,13.6,4.3,54.1,0,0,0,,0,0,32,16,112.2,1008.9,41.8,10,215.2,18.6,7,10,2023-04-02T07:02:28,2023-04-02T19:52:16,0.38,Partially cloudy,Partly cloudy throughout the day.,partly-cloudy-day,"16080099999,16076099999,D6875,16066099999,06777099999,06771099999,LIML"
"Milano, Lombardia, Italia",2023-04-03,18,5.1,12,18,5.1,12,4.5,62.5,0,0,0,rain,0,0,38.9,25.7,119.3,1012.1,27.8,10,205.8,17.9,7,10,2023-04-03T07:00:35,2023-04-03T19:53:33,0.41,Partially cloudy,Becoming cloudy in the afternoon.,partly-cloudy-day,"16080099999,16076099999,D6875,16066099999,06777099999,06771099999,LIML"
"Milano, Lombardia, Italia",2023-04-04,13,6,9.4,13,3.3,8,-1.8,46,0,0,0,,0,0,38.5,20.2,124.1,1015,44.1,10,211.4,18.2,7,10,2023-04-04T06:58:43,2023-04-04T19:54:51,0.44,Partially cloudy,Partly cloudy throughout the day.,partly-cloudy-day,"16080099999,16076099999,D6875,16066099999,LIML"
"Milano, Lombardia, Italia",2023-04-05,12,4.9,8.3,12,2.1,7,-3.1,44.9,0,0,0,,0,0,24.1,16.2,107.2,1017.4,40.9,10,206,17.7,7,10,2023-04-05T06:56:51,2023-04-05T19:56:08,0.47,Partially cloudy,Partly cloudy throughout the day.,partly-cloudy-day,"16080099999,16076099999,D6875,16066099999,06777099999,LIML,06771099999"
"Milano, Lombardia, Italia",2023-04-06,15,1.7,8.6,15,0.1,8.1,-3.5,44.5,0,0,0,,0,0,27.7,11.2,264.1,1018.1,31.6,10,177.9,15.3,7,10,2023-04-06T06:54:59,2023-04-06T19:57:26,0.5,Partially cloudy,Becoming cloudy in the afternoon.,partly-cloudy-day,"16080099999,16076099999,D6875,16066099999,06777099999,06771099999,LIML"
"Milano, Lombardia, Italia",2023-04-07,14.8,4.7,9.3,14.8,3.2,9.1,2.7,64.4,0,0,0,rain,0,0,27.5,14.9,208.9,1015.5,52,10,82.6,7.1,3,10,2023-04-07T06:53:08,2023-04-07T19:58:43,0.54,Partially cloudy,Partly cloudy throughout the day.,partly-cloudy-day,"16080099999,16076099999,D6875,16066099999,06777099999,06771099999,LIML"
"Milano, Lombardia, Italia",2023-04-08,17.9,4.7,11.4,17.9,4.7,11.4,4.1,65.7,0,0,0,,0,0,37.3,25.6,155.6,1016.2,30.1,9.8,214.2,18.6,7,10,2023-04-08T06:51:17,2023-04-08T20:00:01,0.58,Partially cloudy,Partly cloudy throughout the day.,partly-cloudy-day,"16080099999,16076099999,D6875,16066099999,06777099999,06771099999,LIML"
"Milano, Lombardia, Italia",2023-04-09,17.9,5.7,12.1,17.9,5.7,11.8,4.5,62.3,0,0,0,rain,0,0,37.3,14.4,113.2,1019.7,51.4,10,217.5,18.8,8,10,2023-04-09T06:49:27,2023-04-09T20:01:18,0.62,Partially cloudy,Partly cloudy throughout the day.,partly-cloudy-day,"16080099999,16076099999,D6875,F5400,16066099999,06777099999,06771099999,LIML"
"Milano, Lombardia, Italia",2023-04-10,16.8,7.7,12.4,16.8,5.9,11.7,2.6,53,0,0,0,,0,0,30.7,15.8,97,1022.4,59.2,10,204,17.8,7,10,2023-04-10T06:47:37,2023-04-10T20:02:36,0.65,Partially cloudy,Partly cloudy throughout the day.,partly-cloudy-day,"16080099999,16076099999,D6875,F5400,16066099999,06777099999,06771099999,LIML"
"Milano, Lombardia, Italia",2023-04-11,19.7,8.7,14.4,19.7,8.7,14.4,6.1,58.7,0,0,0,,0,0,23.4,14.5,255.3,1015.6,57.1,10,174.6,15.1,7,10,2023-04-11T06:45:48,2023-04-11T20:03:53,0.69,Partially cloudy,Partly cloudy throughout the day.,partly-cloudy-day,"16080099999,16076099999,D6875,16066099999,06777099999,06771099999,LIML"
"Milano, Lombardia, Italia",2023-04-12,16.6,9.9,13.1,16.6,9.9,13.1,6.7,66.9,0.322,100,20.83,rain,0,0,25,14.1,116.8,1009.3,75.4,9.9,79.1,6.8,4,10,2023-04-12T06:44:00,2023-04-12T20:05:11,0.72,"Rain, Partially cloudy",Partly cloudy throughout the day with late afternoon rain.,rain,"16080099999,16076099999,D6875,16066099999,06777099999,06771099999"
"Milano, Lombardia, Italia",2023-04-13,11.7,8.9,10.1,11.7,7.4,9.1,7.1,83.3,17.376,100,25,rain,0,0,61,20.1,67.3,1002,83.6,7.2,60.5,5.3,5,10,2023-04-13T06:42:12,2023-04-13T20:06:28,0.75,"Rain, Partially cloudy",Partly cloudy throughout the day with a chance of rain throughout the day.,rain,"16080099999,16076099999,D6875,16066099999,06777099999,06771099999,LIML"
"Milano, Lombardia, Italia",2023-04-14,19.8,4.8,12.4,19.8,3.5,12.2,0.8,52.7,0,0,0,,0,0,56.9,15,257.1,1002.7,49.5,10,259.7,22.4,8,10,2023-04-14T06:40:24,2023-04-14T20:07:45,0.79,Partially cloudy,Partly cloudy throughout the day.,partly-cloudy-day,"16080099999,16076099999,D6875,16066099999,06777099999,06771099999,LIML"
"Milano, Lombardia, Italia",2023-04-15,17.6,4.9,12.2,17.6,4.9,12.1,3.2,55.8,0.003,100,4.17,rain,0,0,44,14,83.1,1004.9,63.2,10,179.3,15.4,6,10,2023-04-15T06:38:38,2023-04-15T20:09:03,0.83,"Rain, Partially cloudy",Partly cloudy throughout the day with afternoon rain.,rain,"16080099999,16076099999,D6875,16066099999,06777099999,06771099999,LIML"
"Milano, Lombardia, Italia",2023-04-16,19,6.7,13.7,19,6.7,13.7,5.3,58.5,0,0,0,,0,0,44.8,16.6,116.3,1011.8,59,10,223.8,19.2,8,10,2023-04-16T06:36:52,2023-04-16T20:10:20,0.87,Partially cloudy,Partly cloudy throughout the day.,partly-cloudy-day,"16080099999,16076099999,D6875,16066099999,06777099999,06771099999,LIML"
"Milano, Lombardia, Italia",2023-04-17,18.8,7.7,13.9,18.8,7.7,13.9,3.9,52.7,0,0,0,rain,0,0,44.5,15.8,129.5,1014.3,26.2,10,253.1,21.8,8,10,2023-04-17T06:35:06,2023-04-17T20:11:38,0.9,Partially cloudy,Partly cloudy throughout the day.,partly-cloudy-day,"16080099999,16076099999,D6875,16066099999,06777099999,06771099999"
"Milano, Lombardia, Italia",2023-04-18,21.6,9.8,15.7,21.6,9.2,15.6,5,51.6,0.023,100,8.33,rain,0,0,36.1,19.4,138.2,1014.5,39.7,10,253.8,21.9,8,10,2023-04-18T06:33:22,2023-04-18T20:12:55,0.94,"Rain, Partially cloudy",Clearing in the afternoon with rain.,rain,"16080099999,16076099999,D6875,D8587,16066099999,06777099999,06771099999,LIML"
"Milano, Lombardia, Italia",2023-04-19,22.6,9.7,16.2,22.6,9.2,16.1,6.1,53.5,0.028,100,8.33,rain,0,0,30,15.9,115.6,1013.8,41.2,10,251,21.7,8,10,2023-04-19T06:31:38,2023-04-19T20:14:12,0.97,"Rain, Partially cloudy",Partly cloudy throughout the day with late afternoon rain.,rain,"16080099999,16076099999,D6875,06777099999,16066099999,06771099999,LIML"
"Milano, Lombardia, Italia",2023-04-20,14.7,9.8,11.9,14.7,8,11.8,10.3,90.1,35.475,100,66.67,rain,0,0,46.3,22,92,1010.9,82.9,8.7,46.5,4,3,10,2023-04-20T06:29:55,2023-04-20T20:15:30,0,"Rain, Partially cloudy",Partly cloudy throughout the day with a chance of rain throughout the day.,rain,"16080099999,16076099999,D6875,16066099999,06777099999,06771099999,LIML"
"Milano, Lombardia, Italia",2023-04-21,16.6,10.7,13,16.6,10.7,13,10.1,83.8,21.739,100,62.5,rain,0,0,31.8,12.8,39.7,1013.9,80.7,10,109.1,9.4,6,10,2023-04-21T06:28:13,2023-04-21T20:16:47,0.04,"Rain, Partially cloudy",Partly cloudy throughout the day with a chance of rain throughout the day.,rain,"16080099999,16076099999,D6875,16066099999,06777099999,06771099999"
"Milano, Lombardia, Italia",2023-04-22,20.6,8.9,14.7,20.6,8.9,14.7,9.3,72.9,0,0,0,,0,0,19.6,10.7,271.5,1014.3,50.5,10,210.7,18.1,8,10,2023-04-22T06:26:32,2023-04-22T20:18:04,0.07,Partially cloudy,Partly cloudy throughout the day.,partly-cloudy-day,"16080099999,16076099999,D6875,16066099999,06777099999,06771099999"
"Milano, Lombardia, Italia",2023-04-23,21.6,11.8,16.9,21.6,11.8,16.9,9.4,64.1,0.244,100,20.83,rain,0,0,33.6,12.6,258.6,1011,42.6,10,208.8,18.1,8,10,2023-04-23T06:24:52,2023-04-23T20:19:21,0.1,"Rain, Partially cloudy",Partly cloudy throughout the day with late afternoon rain.,rain,"16080099999,16076099999,D6875,16066099999,06777099999,06771099999"
"Milano, Lombardia, Italia",2023-04-24,22.7,11.6,16.9,22.7,11.6,16.9,8.2,62.2,1.553,100,16.67,rain,0,0,31,14.4,298.9,1006.1,57.1,10,286.8,24.7,9,10,2023-04-24T06:23:13,2023-04-24T20:20:38,0.14,"Rain, Partially cloudy",Partly cloudy throughout the day with rain clearing later.,rain,"16080099999,16076099999,D6875,16066099999,06777099999,06771099999"
"Milano, Lombardia, Italia",2023-04-25,17.8,10.8,14.3,17.8,10.8,14.3,7.9,66.4,0.739,100,8.33,rain,0,0,46.4,23,112.4,1008,45.2,10,256,22.2,8,10,2023-04-25T06:21:35,2023-04-25T20:21:55,0.17,"Rain, Partially cloudy",Partly cloudy throughout the day with rain.,rain,"16080099999,16076099999,D6875,16066099999,06777099999,06771099999,LIML"
"Milano, Lombardia, Italia",2023-04-26,20.6,5.8,14,20.6,5.8,13.9,4.7,59.9,0.179,100,4.17,rain,0,0,43.3,9.3,139.8,1013.2,43,10,281.5,24.4,9,10,2023-04-26T06:19:58,2023-04-26T20:23:12,0.2,"Rain, Partially cloudy",Partly cloudy throughout the day with early morning rain.,rain,"16080099999,16076099999,D6875,16066099999,06777099999,06771099999,LIML"
"Milano, Lombardia, Italia",2023-04-27,21.6,8.7,15.4,21.6,8.1,15.4,6.1,55.4,0,0,0,,0,0,20.9,10.8,93.7,1016.7,28.2,10,229.6,19.8,8,10,2023-04-27T06:18:22,2023-04-27T20:24:29,0.25,Partially cloudy,Partly cloudy throughout the day.,partly-cloudy-day,"16080099999,16076099999,D6875,16066099999,06777099999,06771099999,LIML"
"Milano, Lombardia, Italia",2023-04-28,22.6,8.8,16.3,22.6,8.8,16.3,7.6,58.2,0,0,0,,0,0,18.8,10.8,233.9,1017.8,56.2,10,237.4,20.7,8,10,2023-04-28T06:16:47,2023-04-28T20:25:45,0.26,Partially cloudy,Partly cloudy throughout the day.,partly-cloudy-day,"16080099999,16076099999,D6875,16066099999,06777099999,06771099999,LIML"
"Milano, Lombardia, Italia",2023-04-29,20.8,13.9,17.1,20.8,13.9,17.1,12.6,75.5,1.815,100,8.33,rain,0,0,22.1,10.6,227.5,1014,72.1,10,169.3,14.4,7,10,2023-04-29T06:15:13,2023-04-29T20:27:02,0.3,"Rain, Partially cloudy",Partly cloudy throughout the day with rain in the morning and afternoon.,rain,"16080099999,16076099999,D6875,16066099999,06777099999,06771099999"
"Milano, Lombardia, Italia",2023-04-30,20.6,14.9,17.7,20.6,14.9,17.7,12.1,70.8,0.807,100,37.5,rain,0,0,33,21.9,97.9,1014.4,84.9,9.4,140.2,12,5,10,2023-04-30T06:13:41,2023-04-30T20:28:18,0.33,"Rain, Partially cloudy",Partly cloudy throughout the day with rain.,rain,"16080099999,16076099999,D6875,16066099999,06777099999,06771099999"
"Milano, Lombardia, Italia",2023-05-01,17.8,12.8,15.7,17.8,12.8,15.7,9.9,69.7,0.75,100,75,rain,0,0,33,21.6,78.8,1014.6,88.5,10,73.2,6.2,3,10,2023-05-01T06:12:09,2023-05-01T20:29:34,0.36,"Rain, Partially cloudy",Partly cloudy throughout the day with a chance of rain throughout the day.,rain,"16080099999,16076099999,D6875,16066099999,06777099999,06771099999,LIML"
"Milano, Lombardia, Italia",2023-05-02,19.9,11.8,15.3,19.9,11.8,15.3,11.4,79.3,9.39,100,29.17,rain,0,0,27.7,15.8,196.5,1015.4,67.8,9.4,205,17.8,9,10,2023-05-02T06:10:39,2023-05-02T20:30:50,0.39,"Rain, Partially cloudy",Partly cloudy throughout the day with rain clearing later.,rain,"16080099999,16076099999,D6875,16066099999,06777099999,06771099999,LIML"
"Milano, Lombardia, Italia",2023-05-03,20.8,10.9,16.3,20.8,10.9,16.3,10.7,72.1,0.014,100,4.17,rain,0,0,27.5,12.5,175.2,1020.1,44.5,10,280.1,24.2,9,10,2023-05-03T06:09:11,2023-05-03T20:32:05,0.43,"Rain, Partially cloudy",Partly cloudy throughout the day with afternoon rain.,rain,"16080099999,16076099999,D6875,16066099999,06777099999,06771099999,LIML"
"Milano, Lombardia, Italia",2023-05-04,22.7,14.7,18.7,22.7,14.7,18.7,10.3,59.3,0,0,0,,0,0,20.5,10.9,114.6,1020.4,51.6,10,273.8,23.7,9,10,2023-05-04T06:07:43,2023-05-04T20:33:21,0.46,Partially cloudy,Clearing in the afternoon.,partly-cloudy-day,"16080099999,16076099999,D6875,16066099999,06777099999,06771099999"
"Milano, Lombardia, Italia",2023-05-05,25.5,13.8,19.5,25.5,13.8,19.5,11.2,60.5,0,0,0,,0,0,22.4,8.9,185.7,1018.6,41.1,10,260.3,22.5,8,10,2023-05-05T06:06:17,2023-05-05T20:34:36,0.5,Partially cloudy,Partly cloudy throughout the day.,partly-cloudy-day,"16080099999,16076099999,D6875,16066099999,06777099999,06771099999,LIML"
"Milano, Lombardia, Italia",2023-05-06,26,13.8,20.5,26,13.8,20.5,11.3,57.4,0,0,0,,0,0,22.3,8.9,154,1015.2,30.9,10,278.5,24.1,9,10,2023-05-06T06:04:53,2023-05-06T20:35:50,0.52,Partially cloudy,Partly cloudy throughout the day.,partly-cloudy-day,"16080099999,16076099999,D6875,16066099999,06777099999,06771099999,LIML"
"Milano, Lombardia, Italia",2023-05-07,25.5,16.8,21.1,25.5,16.8,21.1,12.1,57.7,1.458,100,29.17,rain,0,0,42.3,22.8,298.9,1015.4,54.7,10,216.5,18.9,8,10,2023-05-07T06:03:30,2023-05-07T20:37:05,0.56,"Rain, Partially cloudy",Partly cloudy throughout the day with rain clearing later.,rain,"16080099999,16076099999,D6875,16066099999,06777099999,06771099999,LIML"
"Milano, Lombardia, Italia",2023-05-08,21.7,14.9,18.7,21.7,14.9,18.7,13,70.8,6.471,100,20.83,rain,0,0,25.4,15.7,99.7,1017.6,52.7,9.5,218,18.8,8,10,2023-05-08T06:02:08,2023-05-08T20:38:19,0.6,"Rain, Partially cloudy",Partly cloudy throughout the day with a chance of rain throughout the day.,rain,"16080099999,16076099999,D6875,16066099999,06777099999,06771099999,LIML"
"Milano, Lombardia, Italia",2023-05-09,21.6,14.9,18.2,21.6,14.9,18.2,12.8,72.1,1.601,100,45.83,rain,0,0,37.4,20,101.8,1016.3,68,9.6,156.6,13.6,6,10,2023-05-09T06:00:48,2023-05-09T20:39:32,0.63,"Rain, Partially cloudy",Partly cloudy throughout the day with rain.,rain,"16080099999,16076099999,D6875,16066099999,06777099999,06771099999"
"Milano, Lombardia, Italia",2023-05-10,14.9,12.8,13.8,14.9,12.8,13.8,12.2,90.6,32.218,100,45.83,rain,0,0,41.7,21.9,110.9,1012,89.7,8.8,138.1,11.8,7,10,2023-05-10T05:59:29,2023-05-10T20:40:45,0.67,"Rain, Partially cloudy",Partly cloudy throughout the day with a chance of rain throughout the day.,rain,"16080099999,16076099999,D6875,16066099999,06777099999,06771099999,LIML"
"Milano, Lombardia, Italia",2023-05-11,18.8,12.8,15,18.8,12.8,15,10.9,77.3,1.732,100,33.33,rain,0,0,30,22.9,143.9,1010.2,69.9,9.9,224.9,19.4,8,10,2023-05-11T05:58:12,2023-05-11T20:41:58,0.7,"Rain, Partially cloudy",Partly cloudy throughout the day with rain.,rain,"16080099999,16076099999,D6875,16066099999,06777099999,06771099999,LIML"
"Milano, Lombardia, Italia",2023-05-12,17.5,11.8,13.7,17.5,11.8,13.7,11.2,85.4,3.077,100,95.83,rain,0,0,28.5,12.5,91.8,1012.5,86.7,9.8,106.2,9.2,5,10,2023-05-12T05:56:57,2023-05-12T20:43:10,0.75,"Rain, Partially cloudy",Partly cloudy throughout the day with a chance of rain throughout the day.,rain,"16080099999,16076099999,D6875,16066099999,06777099999,06771099999,LIML"
"Milano, Lombardia, Italia",2023-05-13,19.6,10.9,14.7,19.6,10.9,14.7,10.5,78.2,2.461,100,50,rain,0,0,40.4,22.4,111.9,1016.2,62,10,240.8,20.8,10,10,2023-05-13T05:55:43,2023-05-13T20:44:22,0.78,"Rain, Partially cloudy",Partly cloudy throughout the day with a chance of rain throughout the day.,rain,"16080099999,16076099999,D6875,16066099999,06777099999,06771099999,LIML"
"Milano, Lombardia, Italia",2023-05-14,19.7,11.8,15,19.7,11.8,15,11,78.5,1.827,100,20.83,rain,0,0,40.4,14.5,317.6,1012.5,62.5,10,243.5,21.2,8,10,2023-05-14T05:54:31,2023-05-14T20:45:33,0.81,"Rain, Partially cloudy",Partly cloudy throughout the day with rain.,rain,"16080099999,16076099999,D6875,16066099999,06777099999,06771099999"
"Milano, Lombardia, Italia",2023-05-15,22,9.8,16.1,22,9.8,16.1,11,74.3,0.151,100,4.17,rain,0,0,32.8,17.3,117.9,1008.4,37.2,10,292,25.3,9,10,2023-05-15T05:53:21,2023-05-15T20:46:43,0.85,"Rain, Partially cloudy",Partly cloudy throughout the day with early morning rain.,rain,"16080099999,16076099999,D6875,16066099999,06777099999,06771099999,LIML"
"Milano, Lombardia, Italia",2023-05-16,18.7,11.8,15.5,18.7,11.8,15.5,11.7,78.7,0.207,100,8.33,rain,0,0,46.3,16.1,170.7,1005.4,80.2,10,106.2,9.4,3,10,2023-05-16T05:52:13,2023-05-16T20:47:53,0.88,"Rain, Partially cloudy",Partly cloudy throughout the day with afternoon rain.,rain,"16080099999,16076099999,D6875,16066099999,06777099999,06771099999,LIML"
"Milano, Lombardia, Italia",2023-05-17,18.7,13.8,15.4,18.7,13.8,15.4,11.7,79.3,0.381,100,8.33,rain,0,0,46.3,13.2,218.5,1011.1,77,10,100.5,8.6,3,10,2023-05-17T05:51:06,2023-05-17T20:49:01,0.92,"Rain, Partially cloudy",Partly cloudy throughout the day with afternoon rain.,rain,"16080099999,16076099999,D6875,16066099999,06777099999,06771099999"
"Milano, Lombardia, Italia",2023-05-18,20,12.9,16.1,20,12.9,16.1,10.7,72.5,0.501,100,20.83,rain,0,0,20.2,12.3,98.7,1017.1,76.7,10,124.5,10.5,8,10,2023-05-18T05:50:01,2023-05-18T20:50:10,0.96,"Rain, Partially cloudy",Partly cloudy throughout the day with rain clearing later.,rain,"16080099999,16076099999,D6875,16066099999,06777099999,06771099999,LIML"
"Milano, Lombardia, Italia",2023-05-19,16.7,13.8,15,16.7,13.8,15,11.8,81.7,4.873,100,87.5,rain,0,0,26.7,14,80.5,1018.1,90.9,9.5,63.5,5.3,2,10,2023-05-19T05:48:58,2023-05-19T20:51:17,0,"Rain, Overcast",Cloudy skies throughout the day with a chance of rain throughout the day.,rain,"16080099999,16076099999,D6875,16066099999,06777099999,06771099999"
"Milano, Lombardia, Italia",2023-05-20,15.8,13.7,14.9,15.8,13.7,14.9,13.8,93.3,4.576,100,70.83,rain,0,0,36,14.4,3.9,1015.4,85,9.9,41.1,3.6,2,10,2023-05-20T05:47:57,2023-05-20T20:52:23,0.02,"Rain, Partially cloudy",Partly cloudy throughout the day with a chance of rain throughout the day.,rain,"16080099999,16076099999,D6875,16066099999,06777099999,06771099999"
"Milano, Lombardia, Italia",2023-05-21,25.4,12.6,18.6,25.4,12.6,18.6,13.2,74,0.638,100,16.67,rain,0,0,27.6,12.8,340.2,1013.2,68,10,182.8,15.7,8,30,2023-05-21T05:46:58,2023-05-21T20:53:29,0.06,"Rain, Partially cloudy",Partly cloudy throughout the day with a chance of rain throughout the day.,rain,"16080099999,16076099999,D6875,16066099999,06777099999,06771099999,LIML"
"Milano, Lombardia, Italia",2023-05-22,26.7,14.9,20.9,26.8,14.9,20.9,13.6,65.5,0.343,100,25,rain,0,0,32.1,9.6,296.6,1013.4,45.3,10,257.9,22.4,9,30,2023-05-22T05:46:01,2023-05-22T20:54:34,0.09,"Rain, Partially cloudy",Partly cloudy throughout the day with rain clearing later.,rain,"16080099999,16076099999,D6875,16066099999,06777099999,06771099999"
"Milano, Lombardia, Italia",2023-05-23,28.6,14,21.8,28.1,14,21.7,14,65.1,0,0,0,rain,0,0,20.1,11.2,248.5,1012.4,18.9,10,304.1,26.3,9,30,2023-05-23T05:45:06,2023-05-23T20:55:37,0.12,Clear,Clear conditions throughout the day.,clear-day,"16080099999,16076099999,D6875,16066099999,06777099999,06771099999,LIML"
"Milano, Lombardia, Italia",2023-05-24,25.7,15.8,20.3,25.7,15.8,20.3,13.6,67.1,1.184,100,16.67,rain,0,0,27.7,19.8,30.7,1012.5,57.2,9.6,238.3,20.3,9,30,2023-05-24T05:44:13,2023-05-24T20:56:40,0.15,"Rain, Partially cloudy",Becoming cloudy in the afternoon with late afternoon rain.,rain,"16080099999,16076099999,D6875,16066099999,06777099999,06771099999"
"Milano, Lombardia, Italia",2023-05-25,24.9,15.7,19.6,24.9,15.7,19.6,13.7,70.2,5.586,100,33.33,rain,0,0,31.3,19.7,77.1,1017.6,55.1,10,209.1,18.2,7,10,2023-05-25T05:43:22,2023-05-25T20:57:42,0.19,"Rain, Partially cloudy",Partly cloudy throughout the day with rain clearing later.,rain,"16080099999,16076099999,D6875,16066099999,06777099999,06771099999,LIML"
"Milano, Lombardia, Italia",2023-05-26,28.6,14.8,21.5,27.4,14.8,21.3,13.4,64.5,0,0,0,,0,0,24.7,9.2,252.8,1018.4,4.9,9.8,315.6,27.1,9,10,2023-05-26T05:42:33,2023-05-26T20:58:42,0.22,Clear,Clear conditions throughout the day.,clear-day,"16080099999,16076099999,D6875,16066099999,06777099999,06771099999,LIML"
"Milano, Lombardia, Italia",2023-05-27,25.7,17.8,21.8,25.7,17.8,21.8,14.5,64.1,0.012,100,12.5,rain,0,0,25.9,19.1,101.1,1017.6,42.4,10,280,24.3,9,30,2023-05-27T05:41:47,2023-05-27T20:59:41,0.25,"Rain, Partially cloudy",Clearing in the afternoon with rain.,rain,"16080099999,16076099999,D6875,16066099999,06777099999,06771099999"
"Milano, Lombardia, Italia",2023-05-28,26.6,17.7,21.9,26.6,17.7,21.9,15,67.6,1.691,100,41.67,rain,0,0,35,12.4,72.6,1014.8,49.2,10,273.9,23.6,9,30,2023-05-28T05:41:02,2023-05-28T21:00:39,0.28,"Rain, Partially cloudy",Partly cloudy throughout the day with rain.,rain,"16080099999,16076099999,D6875,16066099999,06777099999,06771099999,LIML"
"Milano, Lombardia, Italia",2023-05-29,26.6,16.8,21.5,26.6,16.8,21.5,13.6,62.4,11.921,100,37.5,rain,0,0,28.7,18.1,332.5,1014.4,56.3,10,246,21.3,9,30,2023-05-29T05:40:20,2023-05-29T21:01:36,0.31,"Rain, Partially cloudy",Partly cloudy throughout the day with a chance of rain throughout the day.,rain,"16080099999,16076099999,D6875,16066099999,06777099999,06771099999,LIML"
"Milano, Lombardia, Italia",2023-05-30,26.6,16.9,22.3,26.6,16.9,22.3,13.7,60,0.825,100,29.17,rain,0,0,39,15.9,100.3,1015,49.9,10,258.2,22.3,8,30,2023-05-30T05:39:39,2023-05-30T21:02:31,0.35,"Rain, Partially cloudy",Clearing in the afternoon with rain.,rain,"16080099999,16076099999,D6875,16066099999,06777099999,06771099999,LIML"
"Milano, Lombardia, Italia",2023-05-31,25.6,16.8,21.1,25.6,16.8,21.1,12.8,60.8,4.141,100,33.33,rain,0,0,37.2,16.3,28.6,1017.2,64,9.7,211.8,18.2,7,30,2023-05-31T05:39:02,2023-05-31T21:03:25,0.38,"Rain, Partially cloudy",Partly cloudy throughout the day with a chance of rain throughout the day.,rain,"16080099999,16076099999,D6875,16066099999,06777099999,06771099999,LIML"
"Milano, Lombardia, Italia",2023-06-01,27,17.6,22.3,26.9,17.6,22.3,13,57.4,0.019,100,4.17,rain,0,0,19.3,9.3,144,1015.7,37.8,10,303.3,26.2,9,10,2023-06-01T05:38:26,2023-06-01T21:04:17,0.41,"Rain, Partially cloudy",Partly cloudy throughout the day with late afternoon rain.,rain,"16080099999,16076099999,D6875,16066099999,06777099999,06771099999,LIML"
"Milano, Lombardia, Italia",2023-06-02,28.6,16.9,23.2,28.1,16.9,23.1,13.9,58.1,0.374,100,29.17,rain,0,0,39.7,12.6,240.5,1012.2,43.9,10,300.8,25.8,9,30,2023-06-02T05:37:52,2023-06-02T21:05:08,0.44,"Rain, Partially cloudy",Partly cloudy throughout the day with rain.,rain,"16080099999,16076099999,D6875,16066099999,06777099999,06771099999,LIML"
"Milano, Lombardia, Italia",2023-06-03,24.7,16,20.9,24.7,16,20.9,14.6,68.9,9.201,100,25,rain,0,0,28.3,21.3,110,1014.6,55,9.9,266,23,9,30,2023-06-03T05:37:21,2023-06-03T21:05:58,0.48,"Rain, Partially cloudy",Partly cloudy throughout the day with rain.,rain,"16080099999,16076099999,D6875,16066099999,06777099999,06771099999"
"Milano, Lombardia, Italia",2023-06-04,23.8,15.3,19.9,23.8,15.3,19.9,15,74.1,2.118,100,37.5,rain,0,0,26.2,21.1,77.3,1016.1,68.4,9.7,185.3,15.9,7,30,2023-06-04T05:36:52,2023-06-04T21:06:45,0.5,"Rain, Partially cloudy",Partly cloudy throughout the day with a chance of rain throughout the day.,rain,"16080099999,16076099999,D6875,16066099999,06777099999,06771099999,LIML"
"Milano, Lombardia, Italia",2023-06-05,21.7,15.8,18.7,21.7,15.8,18.7,15,80,0.85,100,29.17,rain,0,0,34.1,17.2,104.1,1015.7,53.3,10,193.5,16.7,7,10,2023-06-05T05:36:26,2023-06-05T21:07:31,0.54,"Rain, Partially cloudy",Partly cloudy throughout the day with rain.,rain,"16080099999,16076099999,D6875,16066099999,06777099999,06771099999,LIML"
"Milano, Lombardia, Italia",2023-06-06,25.7,14.8,21.1,25.7,14.8,21.1,14.7,69.4,0,0,0,rain,0,0,21.6,14,151.4,1014.9,38.2,9.4,303.5,26.3,9,30,2023-06-06T05:36:02,2023-06-06T21:08:16,0.58,Partially cloudy,Partly cloudy throughout the day.,partly-cloudy-day,"16080099999,16076099999,D6875,16066099999,06777099999,06771099999,LIML"
"Milano, Lombardia, Italia",2023-06-07,25.7,16.8,21.2,25.7,16.8,21.2,14.8,68.5,2.188,100,25,rain,0,0,29.7,12.9,149.5,1015.8,49,9.6,268.3,23.1,9,30,2023-06-07T05:35:40,2023-06-07T21:08:58,0.62,"Rain, Partially cloudy",Clearing in the afternoon with a chance of rain throughout the day.,rain,"16080099999,16076099999,D6875,16066099999,06777099999,06771099999,LIML"
"Milano, Lombardia, Italia",2023-06-08,27.6,16.7,22.2,27.7,16.7,22.2,14.6,63.7,0.01,100,4.17,rain,0,0,37.2,11.3,324.9,1013.7,37.3,10,280,24.3,9,10,2023-06-08T05:35:20,2023-06-08T21:09:39,0.65,"Rain, Partially cloudy",Partly cloudy throughout the day with early morning rain.,rain,"16080099999,16076099999,D6875,16066099999,06777099999,06771099999,LIML"
"Milano, Lombardia, Italia",2023-06-09,26.5,16,22,26.5,16,22,15.4,66.9,0,0,0,rain,0,0,21.3,9.3,249.7,1012,59.5,10,179.4,15.5,8,10,2023-06-09T05:35:03,2023-06-09T21:10:18,0.69,Partially cloudy,Partly cloudy throughout the day.,partly-cloudy-day,"16080099999,16076099999,D6875,16066099999,06777099999,06771099999,LIML"
"Milano, Lombardia, Italia",2023-06-10,25.8,19.7,22.4,25.8,19.7,22.4,16.3,68.9,0.038,100,8.33,rain,0,0,18.1,9.2,245.6,1011.3,59.8,10,171.5,14.8,5,30,2023-06-10T05:34:48,2023-06-10T21:10:55,0.75,"Rain, Partially cloudy",Partly cloudy throughout the day with rain.,rain,"16080099999,16076099999,D6875,16066099999,06777099999,06771099999,LIML"
"Milano, Lombardia, Italia",2023-06-11,27.8,16.9,23.2,28.4,16.9,23.4,16.4,67.2,2.264,100,20.83,rain,0,0,33.3,14.2,116.7,1011.6,47.1,10,287.5,24.9,9,60,2023-06-11T05:34:36,2023-06-11T21:11:31,0.76,"Rain, Partially cloudy",Partly cloudy throughout the day with rain.,rain,"16080099999,16076099999,D6875,16066099999,06777099999,06771099999"
"Milano, Lombardia, Italia",2023-06-12,26.8,17.8,22.8,27.4,17.8,22.9,16.5,69.4,0.739,100,37.5,rain,0,0,35.1,16.2,112.5,1011.9,54.3,9.9,317.7,27.6,10,30,2023-06-12T05:34:26,2023-06-12T21:12:04,0.79,"Rain, Partially cloudy",Partly cloudy throughout the day with rain.,rain,"16080099999,16076099999,D6875,16066099999,06777099999,06771099999,LIML"
"Milano, Lombardia, Italia",2023-06-13,23.7,18.7,21.2,23.7,18.7,21.2,15.6,70.7,0.819,100,20.83,rain,0,0,35.1,21,88.5,1010.1,63.1,10,119.5,10.4,6,10,2023-06-13T05:34:18,2023-06-13T21:12:35,0.83,"Rain, Partially cloudy",Partly cloudy throughout the day with a chance of rain throughout the day.,rain,"16080099999,16076099999,D6875,16066099999,06777099999,06771099999"
"Milano, Lombardia, Italia",2023-06-14,25,17.7,21.1,25,17.7,21.1,15.9,74.3,1.773,100,29.17,rain,0,0,29.7,15.6,94.5,1010.6,60.4,9.5,214.4,18.5,9,30,2023-06-14T05:34:13,2023-06-14T21:13:04,0.87,"Rain, Partially cloudy",Partly cloudy throughout the day with a chance of rain throughout the day.,rain,"16080099999,16076099999,D6875,F5400,16066099999,06777099999,06771099999,LIML"
"Milano, Lombardia, Italia",2023-06-15,27,18,22.9,27.4,18,23,15.3,63.5,0.677,100,8.33,rain,0,0,16.9,12.8,104.4,1013.2,41.2,10,311.1,26.8,9,30,2023-06-15T05:34:10,2023-06-15T21:13:31,0.9,"Rain, Partially cloudy",Partly cloudy throughout the day with rain.,rain,"16080099999,16076099999,D6875,16066099999,LIML"
"Milano, Lombardia, Italia",2023-06-16,29,18,23.8,28.5,18,23.7,13.9,56.8,0.187,100,4.17,rain,0,0,37.1,14.8,315.1,1013.3,32.2,10,312.5,27,9,30,2023-06-16T05:34:09,2023-06-16T21:13:56,0.94,"Rain, Partially cloudy",Partly cloudy throughout the day with morning rain.,rain,"16080099999,16076099999,D6875,16066099999,LIML"
"Milano, Lombardia, Italia",2023-06-17,30,17.9,24.3,29.1,17.9,24,13,51.3,0.187,100,4.17,rain,0,0,26.6,16.3,163.7,1013.8,18.9,10,301.3,26.2,9,30,2023-06-17T05:34:11,2023-06-17T21:14:19,0.97,Rain,Clear conditions throughout the day with afternoon rain.,rain,"16080099999,16076099999,D6875,16066099999,LIML"
"Milano, Lombardia, Italia",2023-06-18,30,18,24,30,18,23.9,14.1,56.2,0,0,0,,0,0,30.2,13,248.9,1015.2,18.3,10,245.3,21.2,9,10,2023-06-18T05:34:15,2023-06-18T21:14:39,0,Clear,Clear conditions throughout the day.,clear-day,"16080099999,16076099999,D6875,16066099999,LIML"
"Milano, Lombardia, Italia",2023-06-19,30.9,19,24.9,31.8,19,25.2,16.4,60.5,0.187,100,4.17,rain,0,0,21.2,12.8,261.6,1015.6,55.9,10,278,23.7,9,30,2023-06-19T05:34:21,2023-06-19T21:14:58,0.04,"Rain, Partially cloudy",Partly cloudy throughout the day with afternoon rain.,rain,"16080099999,16076099999,D6875,D8587,16066099999,LIML"
"Milano, Lombardia, Italia",2023-06-20,30,19,26.2,30,19,26,13.9,48.3,0.562,100,4.17,rain,0,0,24.5,11.3,257.1,1016.6,53.7,10,253.6,21.9,7,10,2023-06-20T05:34:30,2023-06-20T21:15:14,0.07,"Rain, Partially cloudy",Partly cloudy throughout the day with afternoon rain.,rain,"16080099999,16076099999,D6875,16066099999,LIML"
"Milano, Lombardia, Italia",2023-06-21,31,19,25.9,30.6,19,25.7,14.9,52.9,0,0,0,,0,0,26.3,12.8,260.4,1017.6,64.9,10,266.3,23,8,10,2023-06-21T05:34:40,2023-06-21T21:15:28,0.11,Partially cloudy,Partly cloudy throughout the day.,partly-cloudy-day,"16080099999,16076099999,D6875,16066099999,06777099999,LIML,06771099999"
"Milano, Lombardia, Italia",2023-06-22,32.7,20.9,27.2,33.2,20.9,27.7,18.1,59.7,0,0,0,,0,0,33.8,17.8,130.4,1017.2,62.4,10,249.7,21.5,8,30,2023-06-22T05:34:54,2023-06-22T21:15:39,0.14,Partially cloudy,Partly cloudy throughout the day.,partly-cloudy-day,"16080099999,16076099999,D6875,16066099999,06777099999,06771099999,LIML"
"Milano, Lombardia, Italia",2023-06-23,32.8,20.9,27.8,31.4,20.9,27.2,13,45.1,0,0,0,,0,0,68.4,23.9,329.5,1014,34.1,10,312.7,26.8,9,30,2023-06-23T05:35:09,2023-06-23T21:15:48,0.17,Partially cloudy,Partly cloudy throughout the day.,partly-cloudy-day,"16080099999,16076099999,D6875,16066099999,06777099999,LIML,06771099999"
"Milano, Lombardia, Italia",2023-06-24,31.8,20,26.3,30.6,20,25.8,10.3,37.7,0,0,0,,0,0,68.4,14.8,101,1017,8.9,10,321.5,27.9,9,10,2023-06-24T05:35:26,2023-06-24T21:15:55,0.2,Clear,Clear conditions throughout the day.,clear-day,"16080099999,16076099999,D6875,16066099999,06777099999,06771099999,LIML"
"Milano, Lombardia, Italia",2023-06-25,30.8,20.7,25.6,30.1,20.7,25.4,14,49.9,0,0,0,,0,0,20.1,14.4,108.8,1016.8,14.2,10,315.5,27.2,9,10,2023-06-25T05:35:46,2023-06-25T21:16:00,0.24,Clear,Clear conditions throughout the day.,clear-day,"16080099999,16076099999,D6875,16066099999,06777099999,06771099999,LIML"
"Milano, Lombardia, Italia",2023-06-26,32.8,18.9,26.6,33.3,18.9,26.7,16.3,55.6,0,0,0,,0,0,25.4,11,177.5,1014.7,10.6,10,318.8,27.5,9,60,2023-06-26T05:36:08,2023-06-26T21:16:02,0.25,Clear,Clear conditions throughout the day.,clear-day,"16080099999,16076099999,D6875,16066099999,06777099999,06771099999,LIML"
"Milano, Lombardia, Italia",2023-06-27,32.8,20,27.3,33.2,20,27.5,17.3,57.1,0,0,0,rain,0,0,28.3,12.8,247.8,1011.8,28.7,10,268.6,23.3,9,60,2023-06-27T05:36:32,2023-06-27T21:16:02,0.3,Partially cloudy,Clearing in the afternoon.,partly-cloudy-day,"16080099999,16076099999,D6875,F5400,16066099999,06777099999,06771099999,LIML"
"Milano, Lombardia, Italia",2023-06-28,28.8,19.8,24.8,28.9,19.8,24.9,15.8,58.1,0,0,0,rain,0,0,46,23.3,109.6,1013.4,46.3,10,264,22.8,8,10,2023-06-28T05:36:58,2023-06-28T21:15:59,0.33,Partially cloudy,Partly cloudy throughout the day.,partly-cloudy-day,"16080099999,16076099999,D6875,16066099999,06777099999,06771099999,LIML"
"Milano, Lombardia, Italia",2023-06-29,28.9,20.9,24.6,28.4,20.9,24.5,13.8,52.1,0.061,100,8.33,rain,0,0,20.5,19.8,108.3,1016,66.8,10,191.7,16.5,7,10,2023-06-29T05:37:26,2023-06-29T21:15:54,0.37,"Rain, Partially cloudy",Partly cloudy throughout the day with late afternoon rain.,rain,"16080099999,16076099999,D6875,16066099999,06777099999,06771099999,LIML"
"Milano, Lombardia, Italia",2023-06-30,22.9,17.9,20.1,22.9,17.9,20.1,17.3,84.5,17.135,100,62.5,rain,0,0,38.6,13,52.9,1012.1,82.6,8.8,48.3,4.4,2,10,2023-06-30T05:37:56,2023-06-30T21:15:46,0.4,"Rain, Partially cloudy",Partly cloudy throughout the day with a chance of rain throughout the day.,rain,"16080099999,16076099999,D6875,16066099999,06777099999,06771099999,LIML"
"Milano, Lombardia, Italia",2023-07-01,26.8,17.9,22,27.7,17.9,22.1,17.5,78.1,1.878,100,20.83,rain,0,0,25.2,9.4,224.1,1008.5,62,8.5,275.5,23.6,9,30,2023-07-01T05:38:28,2023-07-01T21:15:36,0.43,"Rain, Partially cloudy",Partly cloudy throughout the day with rain.,rain,"16080099999,16076099999,D6875,16066099999,06777099999,06771099999,LIML"
"Milano, Lombardia, Italia",2023-07-02,30.8,18.9,24.8,31.6,18.9,25.1,17.6,66.5,0,0,0,rain,0,0,23.1,11,235.3,1009.1,30.4,10,331.7,28.6,9,30,2023-07-02T05:39:01,2023-07-02T21:15:24,0.47,Partially cloudy,Partly cloudy throughout the day.,partly-cloudy-day,"16080099999,16076099999,D6875,16066099999,06777099999,06771099999,LIML"
"Milano, Lombardia, Italia",2023-07-03,29.8,20.9,25.6,31.1,20.9,26,17.3,61,0.837,100,4.17,rain,0,0,22.3,12.9,223.2,1011.2,41.9,10,299.9,25.9,9,60,2023-07-03T05:39:37,2023-07-03T21:15:10,0.5,"Rain, Partially cloudy",Partly cloudy throughout the day with morning rain.,rain,"16080099999,16076099999,D6875,16066099999,06777099999,06771099999,LIML"
"Milano, Lombardia, Italia",2023-07-04,29.7,20.8,24.8,30.1,20.8,25,17,63.7,1.865,100,37.5,rain,0,0,40.4,16.1,97.9,1013.6,39,10,279.5,24.1,9,60,2023-07-04T05:40:15,2023-07-04T21:14:52,0.53,"Rain, Partially cloudy",Clearing in the afternoon with a chance of rain throughout the day.,rain,"16080099999,16076099999,D6875,16066099999,06777099999,06771099999,LIML"
"Milano, Lombardia, Italia",2023-07-05,28.7,18.9,23.4,29.2,18.9,23.5,17.2,70,36.609,100,37.5,rain,0,0,51.9,19.9,47.8,1013.5,52.4,9.8,260.9,22.5,10,30,2023-07-05T05:40:54,2023-07-05T21:14:33,0.57,"Rain, Partially cloudy",Partly cloudy throughout the day with a chance of rain throughout the day.,rain,"16080099999,D6875,16076099999,16066099999,06777099999,06771099999,LIML"
"Milano, Lombardia, Italia",2023-07-06,24.8,16.1,22.3,24.8,16.1,22.3,16.7,71.4,19.038,100,12.5,rain,0,0,27.4,25,101.1,1015.4,48.9,9.4,228.7,19.7,9,60,2023-07-06T05:41:35,2023-07-06T21:14:11,0.6,"Rain, Partially cloudy",Partly cloudy throughout the day with rain.,rain,"16080099999,D6875,16076099999,16066099999,06777099999,06771099999,LIML"
"Milano, Lombardia, Italia",2023-07-07,28.8,16.9,23.8,29,16.9,23.9,15.5,61.6,0,0,0,,0,0,18.3,12.6,113.9,1020.1,18.3,10,334.8,29.1,9,30,2023-07-07T05:42:18,2023-07-07T21:13:47,0.64,Clear,Clear conditions throughout the day.,clear-day,"16080099999,D6875,16076099999,16066099999,06777099999,06771099999,LIML"
"Milano, Lombardia, Italia",2023-07-08,30.8,21.8,26.1,30.4,21.8,26,15.9,55.5,0.091,100,16.67,rain,0,0,18.3,11,70.2,1020.4,35,10,307.2,26.5,9,10,2023-07-08T05:43:02,2023-07-08T21:13:20,0.67,"Rain, Partially cloudy",Partly cloudy throughout the day with rain clearing later.,rain,"16080099999,D6875,16076099999,16066099999,06777099999,06771099999,LIML"
"Milano, Lombardia, Italia",2023-07-09,32.9,19.9,27.1,34.4,19.9,27.7,18.3,60.6,0,0,0,,0,0,19.1,9.3,181.4,1020.1,3.6,10,319.5,27.8,9,75,2023-07-09T05:43:48,2023-07-09T21:12:51,0.71,Clear,Clear conditions throughout the day.,clear-day,"16080099999,D6875,16076099999,16066099999,06777099999,06771099999,LIML"
"Milano, Lombardia, Italia",2023-07-10,34.8,21.9,28.6,37.4,21.9,30,20,61.6,0,0,0,,0,0,18.4,7.6,269.8,1019.3,7,10,290.6,25.1,9,75,2023-07-10T05:44:36,2023-07-10T21:12:20,0.75,Clear,Clear conditions throughout the day.,clear-day,"16080099999,D6875,16076099999,16066099999,06777099999,06771099999,LIML"
"Milano, Lombardia, Italia",2023-07-11,34.8,23.9,29.6,37.4,23.9,31.2,19.8,57.2,0.01,100,4.17,rain,0,0,31.4,7.6,214.3,1016.6,25.5,10,307,26.4,9,100,2023-07-11T05:45:25,2023-07-11T21:11:46,0.78,"Rain, Partially cloudy",Partly cloudy throughout the day with late afternoon rain.,rain,"16080099999,D6875,16076099999,16066099999,06777099999,06771099999,LIML"
"Milano, Lombardia, Italia",2023-07-12,30.6,23.8,27.2,32,23.8,27.9,18.5,59,1.999,100,33.33,rain,0,0,63.1,26.7,29.7,1014.3,61.9,10,162.5,14,8,75,2023-07-12T05:46:15,2023-07-12T21:11:10,0.81,"Rain, Partially cloudy",Partly cloudy throughout the day with a chance of rain throughout the day.,rain,"16080099999,D6875,16076099999,16066099999,06777099999,06771099999,LIML"
"Milano, Lombardia, Italia",2023-07-13,29.8,18.9,24.3,31.1,18.9,24.8,18.7,72.6,8.039,100,16.67,rain,0,0,63.9,17.9,90.3,1013.7,52.1,10,246.1,21.2,9,60,2023-07-13T05:47:07,2023-07-13T21:10:32,0.85,"Rain, Partially cloudy",Partly cloudy throughout the day with rain.,rain,"16080099999,D6875,16076099999,16066099999,06777099999,06771099999,LIML"
"Milano, Lombardia, Italia",2023-07-14,27.8,18.8,23.7,28.9,18.8,23.9,18.2,72.4,49.337,100,8.33,rain,0,0,27.8,14.6,71.2,1016.5,56.6,9.7,234,20.1,10,30,2023-07-14T05:48:00,2023-07-14T21:09:52,0.88,"Rain, Partially cloudy",Partly cloudy throughout the day with afternoon rain.,rain,"16080099999,D6875,16076099999,16066099999,06777099999,06771099999,LIML"
"Milano, Lombardia, Italia",2023-07-15,31.8,21.9,26.9,33.8,21.9,27.8,19.9,67.6,0,0,0,rain,0,0,23.6,9.3,138.8,1015.6,48.6,10,295.4,25.4,10,30,2023-07-15T05:48:54,2023-07-15T21:09:09,0.92,Partially cloudy,Partly cloudy throughout the day.,partly-cloudy-day,"16080099999,D6875,16076099999,16066099999,06777099999,06771099999,LIML"
"Milano, Lombardia, Italia",2023-07-16,32.9,21.9,28,35.9,21.9,29.5,20.4,65.1,0,0,0,,0,0,24.1,9.1,104.4,1014.9,28,10,314.9,27.2,9,60,2023-07-16T05:49:50,2023-07-16T21:08:24,0.95,Partially cloudy,Partly cloudy throughout the day.,partly-cloudy-day,"16080099999,D6875,16076099999,16066099999,06777099999,06771099999,LIML"
"Milano, Lombardia, Italia",2023-07-17,34.8,23.8,29.3,38.2,23.8,31.1,19.7,57.1,0,0,0,,0,0,17,9.2,247.9,1016.1,26,10,311.9,26.7,9,75,2023-07-17T05:50:47,2023-07-17T21:07:37,0,Partially cloudy,Partly cloudy throughout the day.,partly-cloudy-day,"16080099999,D6875,16076099999,16066099999,06777099999,06771099999,LIML"
"Milano, Lombardia, Italia",2023-07-18,32.8,22.9,28.8,36.8,22.9,31.3,21.8,66.9,0.035,100,8.33,rain,0,0,26.5,16,195.5,1016.2,16.5,10,233.8,20.2,8,75,2023-07-18T05:51:45,2023-07-18T21:06:48,0.02,Rain,Clear conditions throughout the day with rain.,rain,"16080099999,D6875,16076099999,16066099999,06777099999,06771099999,LIML"
"Milano, Lombardia, Italia",2023-07-19,33.8,24,29,39,24,31.9,22.6,69.5,0.034,100,16.67,rain,0,0,33.7,11.3,226.4,1011,38.4,10,273.3,23.7,9,100,2023-07-19T05:52:44,2023-07-19T21:05:56,0.05,"Rain, Partially cloudy",Partly cloudy throughout the day with a chance of rain throughout the day.,rain,"16080099999,D6875,16076099999,16066099999,06777099999,06771099999,LIML"
"Milano, Lombardia, Italia",2023-07-20,31.9,21.9,27.4,33.7,21.9,28.5,19.7,64.3,0,0,0,rain,0,0,29.3,17.8,131.9,1008.9,43.2,10,303.9,26.3,9,75,2023-07-20T05:53:44,2023-07-20T21:05:03,0.09,Partially cloudy,Partly cloudy throughout the day.,partly-cloudy-day,"16080099999,D6875,16076099999,16066099999,06777099999,06771099999,LIML"
"Milano, Lombardia, Italia",2023-07-21,27.9,20,24.4,29.1,20,24.7,19.3,74.5,11.721,100,29.17,rain,0,0,40.5,32,81.1,1008,47.6,10,246,21.4,9,75,2023-07-21T05:54:45,2023-07-21T21:04:07,0.12,"Rain, Partially cloudy",Partly cloudy throughout the day with a chance of rain throughout the day.,rain,"16080099999,D6875,16076099999,16066099999,06777099999,06771099999,LIML"
"Milano, Lombardia, Italia",2023-07-22,28.8,18.9,23.6,30.5,18.9,23.9,18.2,72.7,1.823,100,12.5,rain,0,0,19.3,12.5,115.9,1012.4,50.1,10,237.1,20.5,8,60,2023-07-22T05:55:47,2023-07-22T21:03:10,0.15,"Rain, Partially cloudy",Partly cloudy throughout the day with a chance of rain throughout the day.,rain,"16080099999,D6875,16076099999,16066099999,06777099999,06771099999,LIML"
"Milano, Lombardia, Italia",2023-07-23,30.8,21.9,25.7,31.2,21.9,26.2,19.3,68.9,1.024,100,16.67,rain,0,0,28.8,12.8,113.6,1014.7,38.7,10,265.6,22.9,9,60,2023-07-23T05:56:50,2023-07-23T21:02:10,0.19,"Rain, Partially cloudy",Partly cloudy throughout the day with morning rain.,rain,"16080099999,D6875,16076099999,16066099999,06777099999,06771099999,LIML"
"Milano, Lombardia, Italia",2023-07-24,26.6,19.7,23.4,26.6,19.7,23.4,19.2,78,2.218,100,54.17,rain,0,0,42,25.2,61,1010.3,59.1,9.9,103.7,9,5,60,2023-07-24T05:57:54,2023-07-24T21:01:09,0.22,"Rain, Partially cloudy",Partly cloudy throughout the day with rain.,rain,"16080099999,D6875,16076099999,16066099999,06777099999,06771099999,LIML"
"Milano, Lombardia, Italia",2023-07-25,26.9,17.9,22.7,28,17.9,22.8,18.3,77.8,6.569,100,25,rain,0,0,54.4,11.3,127.5,1002,52.7,10,260.7,22.4,9,75,2023-07-25T05:58:58,2023-07-25T21:00:05,0.25,"Rain, Partially cloudy",Partly cloudy throughout the day with a chance of rain throughout the day.,rain,"16080099999,D6875,16076099999,F5400,16066099999,06777099999,06771099999,LIML"
"Milano, Lombardia, Italia",2023-07-26,28.8,20.7,24.6,27.5,20.7,24.3,6.6,32.6,0,0,0,,0,0,64.3,20.3,346,1007.3,14,10,291.8,25.1,9,10,2023-07-26T06:00:03,2023-07-26T20:59:00,0.25,Clear,Clear conditions throughout the day.,clear-day,"16080099999,D6875,16076099999,16066099999,06777099999,06771099999,LIML"
"Milano, Lombardia, Italia",2023-07-27,26.8,16.8,22,27,16.8,22,12.6,56.6,0,0,0,,0,0,51.7,14.4,112,1014.4,29.4,10,275.8,23.8,8,10,2023-07-27T06:01:09,2023-07-27T20:57:53,0.32,Partially cloudy,Clearing in the afternoon.,partly-cloudy-day,"16080099999,D6875,16076099999,16066099999,06777099999,06771099999,LIML"
"Milano, Lombardia, Italia",2023-07-28,28.8,16.9,23.3,29.1,16.9,23.3,15.4,63.3,0,0,0,,0,0,20.9,11,266.9,1013.1,42.5,10,274.6,23.8,8,10,2023-07-28T06:02:16,2023-07-28T20:56:44,0.35,Partially cloudy,Partly cloudy throughout the day.,partly-cloudy-day,"16080099999,D6875,16076099999,16066099999,06777099999,06771099999,LIML"
"Milano, Lombardia, Italia",2023-07-29,30.7,20.8,25.3,32,20.8,25.8,18.6,67.6,0.149,100,8.33,rain,0,0,19.4,9.6,243.8,1012.6,37,10,271.3,23.5,10,30,2023-07-29T06:03:23,2023-07-29T20:55:33,0.39,"Rain, Partially cloudy",Partly cloudy throughout the day with late afternoon rain.,rain,"16080099999,D6875,16076099999,16066099999,06777099999,06771099999,LIML"
"Milano, Lombardia, Italia",2023-07-30,30.8,18.9,24.9,32.7,18.9,25.5,19.8,75.9,16.231,100,12.5,rain,0,0,23.6,16,281.3,1011.8,50.1,10,283.5,24.5,9,60,2023-07-30T06:04:31,2023-07-30T20:54:20,0.42,"Rain, Partially cloudy",Partly cloudy throughout the day with early morning rain.,rain,"16080099999,D6875,16076099999,16066099999,06777099999,06771099999,LIML"
"Milano, Lombardia, Italia",2023-07-31,29.8,22.8,26.2,32.3,22.8,27,19.6,67.9,0.101,100,4.17,rain,0,0,16.6,10.8,107,1011.7,35.2,10,265,22.8,8,30,2023-07-31T06:05:39,2023-07-31T20:53:06,0.45,"Rain, Partially cloudy",Partly cloudy throughout the day with morning rain.,rain,"16080099999,D6875,16076099999,16066099999,06777099999,06771099999,LIML"
"Milano, Lombardia, Italia",2023-08-01,29.7,20.8,25.3,31,20.8,25.6,19.1,69.5,0.819,100,20.83,rain,0,0,27.7,9.3,79.6,1005.2,61.6,10,173.5,15.1,8,30,2023-08-01T06:06:48,2023-08-01T20:51:49,0.5,"Rain, Partially cloudy",Partly cloudy throughout the day with rain clearing later.,rain,"16080099999,D6875,16076099999,16066099999,06777099999,06771099999,LIML"
"Milano, Lombardia, Italia",2023-08-02,29.7,19.9,25,31,19.9,25.5,18.1,66.3,0,0,0,rain,0,0,27.3,15.9,125.9,1005.4,53.5,10,218.1,18.7,8,10,2023-08-02T06:07:58,2023-08-02T20:50:32,0.52,Partially cloudy,Partly cloudy throughout the day.,partly-cloudy-day,"16080099999,D6875,16076099999,16066099999,06777099999,06771099999,LIML"
"Milano, Lombardia, Italia",2023-08-03,30.7,19.9,26,32.7,19.9,26.5,18,62.6,0.279,100,8.33,rain,0,0,38.1,11,109.5,1004.3,44.9,10,224.7,19.7,8,60,2023-08-03T06:09:07,2023-08-03T20:49:12,0.56,"Rain, Partially cloudy",Partly cloudy throughout the day with late afternoon rain.,rain,"16080099999,D6875,16076099999,16066099999,06777099999,06771099999,LIML"
"Milano, Lombardia, Italia",2023-08-04,26.7,18.9,22.9,26.9,18.9,22.9,15.6,64.1,0.216,100,12.5,rain,0,0,24.8,16.2,49.9,1005.5,63.4,10,150.7,13.1,8,30,2023-08-04T06:10:17,2023-08-04T20:47:52,0.59,"Rain, Partially cloudy",Partly cloudy throughout the day with rain.,rain,"16080099999,D6875,16076099999,16066099999,06777099999,06771099999,LIML"
"Milano, Lombardia, Italia",2023-08-05,27.9,16,21.2,27.9,16,21.2,14.5,68.5,0.963,100,4.17,rain,0,0,57.5,16.3,137.8,1006.2,48.9,9.9,225.7,19.7,8,10,2023-08-05T06:11:28,2023-08-05T20:46:29,0.62,"Rain, Partially cloudy",Partly cloudy throughout the day with early morning rain.,rain,"16080099999,D6875,16076099999,16066099999,06777099999,06771099999,LIML"
"Milano, Lombardia, Italia",2023-08-06,28.8,16.9,23.3,27.6,16.9,22.9,9.6,48.9,0.184,100,4.17,rain,0,0,40,22,316.4,1005.5,26.8,10,271.3,23.4,8,10,2023-08-06T06:12:39,2023-08-06T20:45:05,0.66,"Rain, Partially cloudy",Partly cloudy throughout the day with morning rain.,rain,"16080099999,D6875,16076099999,16066099999,06777099999,06771099999,LIML"
"Milano, Lombardia, Italia",2023-08-07,28,18.7,22.8,26.7,18.7,22.6,2.4,26.8,0,0,0,,0,0,52.9,27.2,345.8,1012.1,12.3,10,282.9,24.2,8,10,2023-08-07T06:13:50,2023-08-07T20:43:40,0.69,Clear,Clear conditions throughout the day.,clear-day,"16080099999,D6875,16076099999,16066099999,06777099999,06771099999,LIML"
"Milano, Lombardia, Italia",2023-08-08,27.7,14,21.3,26.9,14,21.2,8.4,45,0,0,0,,0,0,49.3,10.8,184.6,1016.1,65.2,10,265.2,22.9,8,10,2023-08-08T06:15:01,2023-08-08T20:42:13,0.75,Partially cloudy,Partly cloudy throughout the day.,partly-cloudy-day,"16080099999,D6875,16076099999,16066099999,06777099999,06771099999,LIML"
"Milano, Lombardia, Italia",2023-08-09,29.7,15,22.8,28.5,15,22.6,11.7,52.3,0,0,0,,0,0,25.9,9.3,270.8,1015.4,62.1,10,264,22.6,8,10,2023-08-09T06:16:13,2023-08-09T20:40:45,0.76,Partially cloudy,Partly cloudy throughout the day.,partly-cloudy-day,"16080099999,D6875,16076099999,16066099999,06777099999,06771099999,LIML"
"Milano, Lombardia, Italia",2023-08-10,29.8,16.9,23.7,29.8,16.9,23.7,15.5,62.1,0,0,0,rain,0,0,19.3,11,97.8,1017.5,23.8,10,250.3,21.5,8,10,2023-08-10T06:17:25,2023-08-10T20:39:15,0.8,Partially cloudy,Partly cloudy throughout the day.,partly-cloudy-day,"16080099999,D6875,16076099999,16066099999,06777099999,06771099999,LIML"
"Milano, Lombardia, Italia",2023-08-11,29.8,19.7,25.4,30.3,19.7,25.7,16.9,60.5,0,0,0,,0,0,20.4,11,98.9,1020.8,15,10,251.1,21.7,8,10,2023-08-11T06:18:37,2023-08-11T20:37:44,0.83,Clear,Clear conditions throughout the day.,clear-day,"16080099999,D6875,16076099999,16066099999,06777099999,06771099999,LIML"
"Milano, Lombardia, Italia",2023-08-12,31.8,19.9,26.1,32.6,19.9,26.3,17.3,59.9,0,0,0,,0,0,19.1,10.9,118.3,1020,27.8,10,249.4,21.5,8,10,2023-08-12T06:19:49,2023-08-12T20:36:12,0.86,Partially cloudy,Partly cloudy throughout the day.,partly-cloudy-day,"16080099999,D6875,16076099999,16066099999,06777099999,06771099999,LIML"
"Milano, Lombardia, Italia",2023-08-13,31.9,20.9,27.5,33.3,20.9,28,18.2,58.7,0,0,0,rain,0,0,20.1,11.1,97.4,1018,48.8,10,262,22.7,8,10,2023-08-13T06:21:02,2023-08-13T20:34:38,0.9,Partially cloudy,Partly cloudy throughout the day.,partly-cloudy-day,"16080099999,D6875,16076099999,16066099999,06777099999,06771099999,LIML"
"Milano, Lombardia, Italia",2023-08-14,32.9,21.9,27.8,34.5,21.9,28.4,18.5,58.7,0.058,100,12.5,rain,0,0,24.4,12.8,76.8,1017.2,51.1,10,239.4,20.7,8,10,2023-08-14T06:22:14,2023-08-14T20:33:04,0.93,"Rain, Partially cloudy",Clearing in the afternoon with rain clearing later.,rain,"16080099999,D6875,16076099999,16066099999,06777099999,06771099999,LIML"
"Milano, Lombardia, Italia",2023-08-15,32.8,20.9,27.5,33.8,20.9,27.8,17.5,56.4,0.015,100,4.17,rain,0,0,36.4,11.3,142.7,1016.5,26.2,10,255.6,22.1,8,10,2023-08-15T06:23:27,2023-08-15T20:31:28,0.97,"Rain, Partially cloudy",Clearing in the afternoon with early morning rain.,rain,"16080099999,D6875,16076099999,16066099999,06777099999,06771099999,LIML"
"Milano, Lombardia, Italia",2023-08-16,32.8,22.9,28.3,34.3,22.9,29.1,18.5,56.4,0.09,100,12.5,rain,0,0,27.7,12.8,96.3,1016.6,53.4,10,257.1,22.5,8,30,2023-08-16T06:24:39,2023-08-16T20:29:51,0,"Rain, Partially cloudy",Partly cloudy throughout the day with rain.,rain,"16080099999,D6875,16076099999,16066099999,06777099999,06771099999,LIML"
"Milano, Lombardia, Italia",2023-08-17,34,21.9,27.5,34,21.9,27.8,17.6,57,0.078,100,8.33,rain,0,0,32.1,13,353.4,1015.7,40,10,248.5,21.7,7,60,2023-08-17T06:25:52,2023-08-17T20:28:13,0.03,"Rain, Partially cloudy",Partly cloudy throughout the day with rain clearing later.,rain,"16080099999,D6875,16076099999,16066099999,06777099999,06771099999,LIML"
"Milano, Lombardia, Italia",2023-08-18,33.8,19.9,27.1,34.3,19.9,27.7,17.7,58.2,0,0,0,,0,0,18.3,11,207.2,1015.4,4,10,262.6,22.7,8,30,2023-08-18T06:27:05,2023-08-18T20:26:34,0.07,Clear,Clear conditions throughout the day.,clear-day,"16080099999,D6875,16076099999,16066099999,06777099999,06771099999,LIML"
"Milano, Lombardia, Italia",2023-08-19,33.8,22.8,28.8,36.2,22.8,30.1,19.5,58.5,0,0,0,,0,0,18.4,11,97.9,1016.1,26,10,255.3,22.3,8,10,2023-08-19T06:28:18,2023-08-19T20:24:53,0.1,Partially cloudy,Becoming cloudy in the afternoon.,partly-cloudy-day,"16080099999,D6875,16076099999,16066099999,06777099999,06771099999,LIML"
"Milano, Lombardia, Italia",2023-08-20,33.9,23.8,29.7,35.6,23.8,31,19.5,55.6,0,0,0,,0,0,18.3,12.7,97.4,1018.4,14.8,10,252.9,21.7,8,10,2023-08-20T06:29:31,2023-08-20T20:23:12,0.14,Clear,Clear conditions throughout the day.,clear-day,"16080099999,D6875,16076099999,16066099999,06777099999,06771099999,LIML"
"Milano, Lombardia, Italia",2023-08-21,35.9,22.9,30,37.8,22.9,31,19.3,55.5,0,0,0,,0,0,18.4,9.3,186.3,1019.5,1.6,10,255.5,21.9,8,10,2023-08-21T06:30:44,2023-08-21T20:21:30,0.17,Clear,Clear conditions throughout the day.,clear-day,"16080099999,D6875,16076099999,16066099999,06777099999,06771099999,LIML"
"Milano, Lombardia, Italia",2023-08-22,36.8,22.9,29.7,39,22.9,30.8,19.5,57.4,0,0,0,,0,0,18.8,10.9,148.6,1017.5,11.1,10,260.6,22.5,8,10,2023-08-22T06:31:57,2023-08-22T20:19:47,0.21,Clear,Clear conditions throughout the day.,clear-day,"16080099999,D6875,16076099999,16066099999,06777099999,06771099999,LIML"
"Milano, Lombardia, Italia",2023-08-23,36.8,22.8,30.4,38.4,22.8,31.6,19.2,53.7,0,0,0,,0,0,20.5,12.8,255.5,1015.3,1.2,10,248.5,21.4,8,30,2023-08-23T06:33:10,2023-08-23T20:18:03,0.24,Clear,Clear conditions throughout the day.,clear-day,"16080099999,D6875,16076099999,16066099999,06777099999,06771099999,LIML"
"Milano, Lombardia, Italia",2023-08-24,37,23,30.4,38,23,31.6,19.4,55,0,0,0,rain,0,0,13.3,11,101.3,1014.8,34.2,10,243.5,20.9,8,30,2023-08-24T06:34:23,2023-08-24T20:16:18,0.25,Partially cloudy,Partly cloudy throughout the day.,partly-cloudy-day,"16080099999,D6875,16076099999,16066099999,06777099999,06771099999,LIML"
"Milano, Lombardia, Italia",2023-08-25,35.8,23,30.1,36.6,23,30.6,17.9,51,0,0,0,,0,0,26.1,11,163.6,1012.2,26.1,10,238.9,20.6,8,30,2023-08-25T06:35:36,2023-08-25T20:14:33,0.31,Partially cloudy,Partly cloudy throughout the day.,partly-cloudy-day,"16080099999,D6875,16076099999,16066099999,06777099999,LIML,06771099999"
"Milano, Lombardia, Italia",2023-08-26,32.6,21,26.5,33.1,21,26.7,18.2,63,0.592,100,20.83,rain,0,0,55.4,13.4,24.9,1010.6,69,10,163.5,14.2,7,60,2023-08-26T06:36:49,2023-08-26T20:12:46,0.34,"Rain, Partially cloudy",Partly cloudy throughout the day with rain.,rain,"16080099999,D6875,16076099999,F5400,16066099999,06777099999,06771099999,LIML"
"Milano, Lombardia, Italia",2023-08-27,23.9,19.9,22.6,23.9,19.9,22.6,19.4,82.3,1.478,100,62.5,rain,0,0,63.2,18.4,86.7,1007.1,69.1,9.7,67.4,6,4,30,2023-08-27T06:38:02,2023-08-27T20:10:59,0.38,"Rain, Partially cloudy",Partly cloudy throughout the day with a chance of rain throughout the day.,rain,"16080099999,D6875,16076099999,16066099999,06777099999,06771099999,LIML"
"Milano, Lombardia, Italia",2023-08-28,22.7,16,19.5,22.7,16,19.5,16.5,83,8.221,100,62.5,rain,0,0,75.1,25.7,31.2,999.4,84.3,9.8,53.7,4.5,2,10,2023-08-28T06:39:16,2023-08-28T20:09:11,0.41,"Rain, Partially cloudy",Partly cloudy throughout the day with a chance of rain throughout the day.,rain,"16080099999,D6875,16076099999,16066099999,06777099999,06771099999,LIML"
"Milano, Lombardia, Italia",2023-08-29,24,15,19.2,24,15,19.2,13.4,71.8,0.224,100,12.5,rain,0,0,48.2,11.1,169.5,1001.1,58.1,10,148,12.8,5,10,2023-08-29T06:40:29,2023-08-29T20:07:22,0.44,"Rain, Partially cloudy",Partly cloudy throughout the day with a chance of rain throughout the day.,rain,"16080099999,D6875,16076099999,16066099999,06771099999,LIML"
"Milano, Lombardia, Italia",2023-08-30,25.9,15.9,20.4,25.9,15.9,20.4,13,65.7,0,0,0,,0,0,22.3,9.2,201.5,1005.2,45.4,10,175.1,15.3,7,10,2023-08-30T06:41:42,2023-08-30T20:05:33,0.48,Partially cloudy,Partly cloudy throughout the day.,partly-cloudy-day,"16080099999,D6875,16076099999,16066099999,06771099999,LIML"
"Milano, Lombardia, Italia",2023-08-31,26,15.9,21.2,26,15.9,21.2,14.6,67.5,0,0,0,,0,0,19.1,12.6,249.7,1012.4,46.2,10,148.8,12.7,6,10,2023-08-31T06:42:55,2023-08-31T20:03:43,0.5,Partially cloudy,Partly cloudy throughout the day.,partly-cloudy-day,"16080099999,D6875,16076099999,16066099999,06771099999,LIML"
"Milano, Lombardia, Italia",2023-09-01,27.9,15.9,22.2,28,15.9,22.3,14.6,63.9,0,0,0,,0,0,18.4,11,251.7,1017.6,37.4,10,194.5,16.6,7,10,2023-09-01T06:44:07,2023-09-01T20:01:53,0.54,Partially cloudy,Partly cloudy throughout the day.,partly-cloudy-day,"16080099999,D6875,16076099999,16066099999,06771099999,LIML"
"Milano, Lombardia, Italia",2023-09-02,28.9,17.9,22.9,28.3,17.9,22.9,15.6,65.8,0,0,0,,0,0,14.8,9.3,277.4,1019.9,39.5,10,203,17.6,8,10,2023-09-02T06:45:20,2023-09-02T20:00:02,0.58,Partially cloudy,Partly cloudy throughout the day.,partly-cloudy-day,"16080099999,D6875,16076099999,16066099999,06771099999,LIML"
"Milano, Lombardia, Italia",2023-09-03,30,17,23.2,30.8,17,23.3,17,70.8,0,0,0,,0,0,22.7,11.2,255.5,1021.6,46.8,10,213.4,18.4,8,10,2023-09-03T06:46:33,2023-09-03T19:58:10,0.61,Partially cloudy,Partly cloudy throughout the day.,partly-cloudy-day,"16080099999,D6875,16076099999,16066099999,06771099999,LIML"
"Milano, Lombardia, Italia",2023-09-04,28.9,19.9,24.4,29.8,19.9,24.7,17.8,68.1,0,0,0,,0,0,20.9,14.5,91,1021.5,37.8,10,208.8,18.1,8,10,2023-09-04T06:47:46,2023-09-04T19:56:18,0.64,Partially cloudy,Partly cloudy throughout the day.,partly-cloudy-day,"16080099999,D6875,16076099999,16066099999,06771099999,LIML"
"Milano, Lombardia, Italia",2023-09-05,26,19.9,23.1,26,19.9,23.1,13.2,54.3,0,0,0,,0,0,22.7,21.8,86.5,1021.5,57.6,10,158,13.6,6,10,2023-09-05T06:48:59,2023-09-05T19:54:25,0.68,Partially cloudy,Partly cloudy throughout the day.,partly-cloudy-day,"16080099999,D6875,16076099999,16066099999,06771099999,LIML"
"Milano, Lombardia, Italia",2023-09-06,28.9,14,21.5,28.1,14,21.4,13.6,64.4,0,0,0,,0,0,14.8,7.5,280.1,1021.2,5.2,10,230.8,19.8,8,10,2023-09-06T06:50:12,2023-09-06T19:52:32,0.71,Clear,Clear conditions throughout the day.,clear-day,"16080099999,D6875,16076099999,16066099999,06771099999,LIML"
"Milano, Lombardia, Italia",2023-09-07,29,15,22.5,28.8,15,22.5,14.8,64.4,0,0,0,,0,0,22,9.3,48.8,1020.4,6.8,10,214.4,18.3,8,10,2023-09-07T06:51:25,2023-09-07T19:50:39,0.75,Clear,Clear conditions throughout the day.,clear-day,"16080099999,D6875,16076099999,16066099999,06771099999,LIML"
"Milano, Lombardia, Italia",2023-09-08,28.8,17,22.9,28.3,17,22.8,14.5,62.5,0,0,0,,0,0,18.4,9.3,166.6,1019.6,35.1,10,224.3,19.4,8,10,2023-09-08T06:52:38,2023-09-08T19:48:45,0.78,Partially cloudy,Partly cloudy throughout the day.,partly-cloudy-day,"16080099999,D6875,16076099999,16066099999,06777099999,06771099999,LIML"
"Milano, Lombardia, Italia",2023-09-09,29.8,16.9,22.8,29.3,16.9,22.7,15.2,65.2,0,0,0,,0,0,20.5,9.2,128.7,1018.3,12.7,10,220.3,18.9,8,10,2023-09-09T06:53:51,2023-09-09T19:46:51,0.81,Clear,Clear conditions throughout the day.,clear-day,"16080099999,D6875,16076099999,16066099999,06777099999,06771099999,LIML"
"Milano, Lombardia, Italia",2023-09-10,29.8,17,23.3,30.2,17,23.5,16.6,68.7,0.004,100,8.33,rain,0,0,16.6,7.6,242.8,1018.2,0,10,214.3,18.5,8,10,2023-09-10T06:55:04,2023-09-10T19:44:56,0.84,Rain,Clear conditions throughout the day with rain clearing later.,rain,"16080099999,D6875,16076099999,16066099999,06777099999,06771099999,LIML"
"Milano, Lombardia, Italia",2023-09-11,30.8,17,23.7,30.7,17,23.7,16.8,68.6,0.004,100,8.33,rain,0,0,18.4,9.3,244.9,1015.2,26.2,9.5,225.1,19.6,10,10,2023-09-11T06:56:17,2023-09-11T19:43:02,0.88,"Rain, Partially cloudy",Becoming cloudy in the afternoon with morning rain.,rain,"16080099999,D6875,16076099999,16066099999,06777099999,06771099999,LIML"
"Milano, Lombardia, Italia",2023-09-12,30,17,23.7,30,17,23.7,16,65.6,0.01,100,20.83,rain,0,0,23,10.9,255,1014.2,41.8,9.1,187.2,16.2,8,10,2023-09-12T06:57:30,2023-09-12T19:41:06,0.91,"Rain, Partially cloudy",Clearing in the afternoon with rain clearing later.,rain,"16080099999,D6875,16076099999,16066099999,06777099999,06771099999,LIML"
"Milano, Lombardia, Italia",2023-09-13,25.7,18.9,22.1,25.7,18.9,22.1,16.7,72.6,1.118,100,45.83,rain,0,0,14.8,14.5,347.5,1015.7,65.2,10,113,9.7,7,10,2023-09-13T06:58:43,2023-09-13T19:39:11,0.94,"Rain, Partially cloudy",Partly cloudy throughout the day with a chance of rain throughout the day.,rain,"16080099999,D6875,16076099999,16066099999,06777099999,06771099999,LIML"
"Milano, Lombardia, Italia",2023-09-14,27.8,16.9,21.7,28.1,16.9,21.8,17.5,79.4,2.273,100,25,rain,0,0,27.7,9.4,165.4,1016.9,33.5,8.9,187.2,16.2,8,10,2023-09-14T06:59:56,2023-09-14T19:37:16,0.98,"Rain, Partially cloudy",Partly cloudy throughout the day with a chance of rain throughout the day.,rain,"16080099999,D6875,16076099999,16066099999,06777099999,06771099999,LIML"
"Milano, Lombardia, Italia",2023-09-15,24.8,17.9,21.2,24.8,17.9,21.2,17.1,78.7,20.506,100,66.67,rain,0,0,40.7,14.4,33.2,1018,65.7,9.4,112.2,9.7,6,10,2023-09-15T07:01:09,2023-09-15T19:35:20,0,"Rain, Partially cloudy",Partly cloudy throughout the day with a chance of rain throughout the day.,rain,"16080099999,D6875,16076099999,16066099999,06777099999,06771099999,LIML"
"Milano, Lombardia, Italia",2023-09-16,26.7,17.9,21.5,27.4,17.9,21.5,17.1,77.3,4.954,100,50,rain,0,0,28.2,11.2,74.3,1018.1,64.2,9.7,119.5,10.4,7,10,2023-09-16T07:02:22,2023-09-16T19:33:24,0.05,"Rain, Partially cloudy",Partly cloudy throughout the day with a chance of rain throughout the day.,rain,"16080099999,D6875,16076099999,16066099999,06777099999,06771099999,LIML"
"Milano, Lombardia, Italia",2023-09-17,25.9,17.1,22.2,25.9,17.1,22.2,18.3,80,0.834,100,12.5,rain,0,0,16.6,9.4,264.7,1018.6,71.2,9.6,119.6,10.2,5,10,2023-09-17T07:03:35,2023-09-17T19:31:28,0.08,"Rain, Partially cloudy",Partly cloudy throughout the day with early morning rain.,rain,"16080099999,D6875,16076099999,16066099999,06777099999,06771099999,LIML"
"Milano, Lombardia, Italia",2023-09-18,25,18.9,22,25,18.9,22,19.3,84.8,15.9,100,58.33,rain,0,0,52.2,21.7,92,1014.3,65.2,9,57.8,5,2,30,2023-09-18T07:04:49,2023-09-18T19:29:32,0.12,"Rain, Partially cloudy",Partly cloudy throughout the day with a chance of rain throughout the day.,rain,"16080099999,D6875,16076099999,16066099999,06777099999,06771099999,LIML"
"Milano, Lombardia, Italia",2023-09-19,27,17.8,21.5,27.9,17.8,21.6,17.9,82.2,0.971,100,4.17,rain,0,0,16.8,9.4,265.5,1013.2,40.5,8.5,202.2,17.2,8,10,2023-09-19T07:06:02,2023-09-19T19:27:36,0.15,"Rain, Partially cloudy",Clearing in the afternoon with early morning rain.,rain,"16080099999,D6875,16076099999,16066099999,06777099999,06771099999,LIML"
"Milano, Lombardia, Italia",2023-09-20,25,18,21,25,18,21,17.5,81,0.012,100,8.33,rain,0,0,25.6,20.1,93.7,1014.8,64,10,86.8,7.5,5,10,2023-09-20T07:07:15,2023-09-20T19:25:40,0.19,"Rain, Partially cloudy",Partly cloudy throughout the day with rain.,rain,"16080099999,D6875,16076099999,16066099999,06777099999,LIML,06771099999"
"Milano, Lombardia, Italia",2023-09-21,24,19,20.3,24,19,20.3,17.5,84.2,3.257,100,16.67,rain,0,0,34.9,16.5,86.4,1009.2,63.9,9.6,95.5,8.3,6,10,2023-09-21T07:08:29,2023-09-21T19:23:44,0.22,"Rain, Partially cloudy",Partly cloudy throughout the day with a chance of rain throughout the day.,rain,"16080099999,D6875,16076099999,16066099999,LIML"
"Milano, Lombardia, Italia",2023-09-22,24.9,18,20.5,24.9,18,20.5,16.6,78.9,0.559,100,16.67,rain,0,0,48.2,27.7,119,1004.3,72.7,9.9,84.3,7.4,7,30,2023-09-22T07:09:43,2023-09-22T19:21:48,0.25,"Rain, Partially cloudy",Partly cloudy throughout the day with rain.,rain,"16080099999,D6875,16076099999,16066099999,06777099999,LIML,06771099999"
"Milano, Lombardia, Italia",2023-09-23,22.9,15,18.4,22.9,15,18.4,12.4,68.8,1.43,100,16.67,rain,0,0,36.9,18.2,6.1,1010,50.2,10,110.5,9.6,6,10,2023-09-23T07:10:57,2023-09-23T19:19:52,0.29,"Rain, Partially cloudy",Partly cloudy throughout the day with rain.,rain,"16080099999,D6875,16076099999,16066099999,06777099999,LIML,06771099999"
"Milano, Lombardia, Italia",2023-09-24,24,10,16.6,24,10,16.6,9.7,68,0,0,0,,0,0,18.4,7.6,226.9,1018.9,12.4,10,187.2,16.2,7,10,2023-09-24T07:12:11,2023-09-24T19:17:56,0.33,Clear,Clear conditions throughout the day.,clear-day,"16080099999,D6875,16076099999,16066099999,06777099999,LIML,06771099999"
"Milano, Lombardia, Italia",2023-09-25,25,11,18.2,25,11,18.2,10.4,63.1,0.011,100,4.17,rain,0,0,15.1,9.3,326.1,1021.7,0.2,10,185.6,16,7,10,2023-09-25T07:13:25,2023-09-25T19:16:00,0.36,Rain,Clear conditions throughout the day with late afternoon rain.,rain,"16080099999,D6875,16076099999,16066099999,06777099999,LIML,06771099999"
"Milano, Lombardia, Italia",2023-09-26,26,11,18.4,26,11,18.4,12.3,70.6,0.01,100,4.17,rain,0,0,16.3,9.3,299.4,1021.5,1.4,10,180.9,15.8,7,10,2023-09-26T07:14:39,2023-09-26T19:14:05,0.4,Rain,Clear conditions throughout the day with late afternoon rain.,rain,"16080099999,D6875,16076099999,16066099999,06777099999,06771099999,LIML"
"Milano, Lombardia, Italia",2023-09-27,26.8,14,20.4,26.7,14,20.4,13.6,68.6,0.007,100,4.17,rain,0,0,19.3,9.3,5.4,1020.4,19.4,10,176.6,15.3,7,10,2023-09-27T07:15:54,2023-09-27T19:12:09,0.43,Rain,Clear conditions throughout the day with afternoon rain.,rain,"16080099999,D6875,16076099999,16066099999,06777099999,06771099999,LIML"
"Milano, Lombardia, Italia",2023-09-28,27,15,20.3,26.8,15,20.3,13.2,67.3,0,0,0,,0,0,18.8,10.9,53.9,1019.4,33.9,10,168,14.4,7,10,2023-09-28T07:17:09,2023-09-28T19:10:14,0.47,Partially cloudy,Clearing in the afternoon.,partly-cloudy-day,"16080099999,D6875,16076099999,16066099999,06777099999,06771099999,LIML"
"Milano, Lombardia, Italia",2023-09-29,26.8,13.1,19.9,26.7,13.1,19.9,13.4,69.6,0,0,0,,0,0,17.3,5.5,296.7,1021.1,3.5,10,173,15,7,10,2023-09-29T07:18:23,2023-09-29T19:08:19,0.5,Clear,Clear conditions throughout the day.,clear-day,"16080099999,D6875,16076099999,16066099999,06777099999,06771099999,LIML"
"Milano, Lombardia, Italia",2023-09-30,27.7,14.1,20.4,27.5,14.1,20.4,14.5,72,0,0,0,,0,0,27.7,7.6,271.6,1021.4,23.8,10,169.3,14.6,7,10,2023-09-30T07:19:39,2023-09-30T19:06:24,0.53,Partially cloudy,Partly cloudy throughout the day.,partly-cloudy-day,"16080099999,D6875,16076099999,16066099999,06777099999,06771099999,LIML"
"Milano, Lombardia, Italia",2023-10-01,26.8,14,20.1,27,14,20.2,14.5,73.3,0.007,100,4.17,rain,0,0,13.5,7.4,61.2,1023.7,0.4,9.8,160,13.9,6,10,2023-10-01T07:20:54,2023-10-01T19:04:30,0.57,Rain,Clear conditions throughout the day with afternoon rain.,rain,"16080099999,D6875,16076099999,16066099999,06777099999,06771099999,LIML"
"Milano, Lombardia, Italia",2023-10-02,27.8,14,20.1,27.9,14,20.2,15.2,76.6,0,0,0,,0,0,18.4,5.4,105.5,1024.6,1.6,9,160.7,13.8,6,10,2023-10-02T07:22:09,2023-10-02T19:02:36,0.6,Clear,Clear conditions throughout the day.,clear-day,"16080099999,D6875,16076099999,16066099999,06777099999,06771099999,LIML"
"Milano, Lombardia, Italia",2023-10-03,26.8,15,20.7,27.3,15,20.7,15.6,75.4,0,0,0,,0,0,17,9.3,243.6,1021.7,4.4,8.2,146.8,12.5,6,10,2023-10-03T07:23:25,2023-10-03T19:00:42,0.63,Clear,Clear conditions throughout the day.,clear-day,"16080099999,D6875,16076099999,16066099999,06777099999,06771099999,LIML"
"Milano, Lombardia, Italia",2023-10-04,25,17.8,21.3,25,17.8,21.3,16.1,72.8,0,0,0,,0,0,23.6,14.3,86.2,1022.5,39.1,9.7,118.1,10.2,6,10,2023-10-04T07:24:41,2023-10-04T18:58:49,0.66,Partially cloudy,Partly cloudy throughout the day.,partly-cloudy-day,"16080099999,D6875,16076099999,16066099999,06777099999,06771099999,LIML"
"Milano, Lombardia, Italia",2023-10-05,25.8,16,20.7,25.8,16,20.7,14.1,67,0,0,0,,0,0,20.5,9.3,36.6,1023.5,62.1,10,144.5,12.6,6,10,2023-10-05T07:25:57,2023-10-05T18:56:56,0.7,Partially cloudy,Partly cloudy throughout the day.,partly-cloudy-day,"16080099999,D6875,16076099999,16066099999,06777099999,06771099999,LIML"
"Milano, Lombardia, Italia",2023-10-06,24.9,15.9,19.9,24.9,15.9,19.9,15,75,0,0,0,,0,0,17.3,7.5,56.2,1024,59.8,10,111.6,9.6,6,10,2023-10-06T07:27:14,2023-10-06T18:55:04,0.75,Partially cloudy,Partly cloudy throughout the day.,partly-cloudy-day,"16080099999,D6875,16076099999,16066099999,06777099999,06771099999,LIML"
"Milano, Lombardia, Italia",2023-10-07,25.9,14,19.3,25.9,14,19.3,14.9,77.9,0.007,100,4.17,rain,0,0,32.9,11.1,286.9,1023.3,15.6,9.3,152.6,13.2,6,10,2023-10-07T07:28:31,2023-10-07T18:53:12,0.76,Rain,Clear conditions throughout the day with morning rain.,rain,"16080099999,D6875,16076099999,16066099999,06777099999,06771099999,LIML"
"Milano, Lombardia, Italia",2023-10-08,29.8,14.9,20.6,29,14.9,20.5,14.1,70.6,0,0,0,,0,0,26,14.3,266.7,1022.7,15.7,9.5,160.5,13.9,7,10,2023-10-08T07:29:48,2023-10-08T18:51:21,0.79,Clear,Clear conditions throughout the day.,clear-day,"16080099999,D6875,16076099999,16066099999,06777099999,06771099999,LIML"
"Milano, Lombardia, Italia",2023-10-09,29.8,14,21.1,28.8,14,20.9,13,65.1,0,0,0,,0,0,23.6,12.8,271.8,1020.9,14.6,10,160.6,13.8,6,10,2023-10-09T07:31:05,2023-10-09T18:49:30,0.83,Clear,Clear conditions throughout the day.,clear-day,"16080099999,D6875,16076099999,16066099999,06777099999,06771099999,LIML"
"Milano, Lombardia, Italia",2023-10-10,28.8,14,21.6,28.4,14,21.5,14.6,67.5,0,0,0,,0,0,23.6,14.5,270.4,1019.6,22.6,9.8,159,13.8,6,10,2023-10-10T07:32:23,2023-10-10T18:47:40,0.86,Partially cloudy,Partly cloudy throughout the day.,partly-cloudy-day,"16080099999,D6875,16076099999,16066099999,06777099999,06771099999,LIML"
"Milano, Lombardia, Italia",2023-10-11,24.9,15,20.1,24.9,15,20.1,15.7,77.6,0,0,0,,0,0,18.8,7.5,297.6,1021.4,17.1,9,137.9,11.9,6,10,2023-10-11T07:33:41,2023-10-11T18:45:50,0.89,Clear,Clear conditions throughout the day.,clear-day,"16080099999,D6875,16076099999,16066099999,06777099999,06771099999,LIML"
"Milano, Lombardia, Italia",2023-10-12,24.8,16.9,20.6,24.8,16.9,20.6,15.5,73.6,0,0,0,,0,0,22.3,11,257.5,1020.3,48.4,10,111.5,9.9,6,10,2023-10-12T07:34:59,2023-10-12T18:44:01,0.92,Partially cloudy,Partly cloudy throughout the day.,partly-cloudy-day,"16080099999,D6875,16076099999,16066099999,06777099999,06771099999,LIML"
"Milano, Lombardia, Italia",2023-10-13,24.8,18.8,21,24.8,18.8,21,15,69.6,0.02,100,4.17,rain,0,0,13.2,9.2,262.4,1020.4,65.6,10,130.9,11.5,6,10,2023-10-13T07:36:17,2023-10-13T18:42:13,0.96,"Rain, Partially cloudy",Partly cloudy throughout the day with afternoon rain.,rain,"16080099999,D6875,16076099999,16066099999,06777099999,06771099999,LIML"
"Milano, Lombardia, Italia",2023-10-14,24.8,14.9,20.1,24.8,14.9,20.1,15,73.8,0,0,0,rain,0,0,14.5,11,290.4,1014.8,38.4,10,116,10.1,5,10,2023-10-14T07:37:36,2023-10-14T18:40:26,0,Partially cloudy,Partly cloudy throughout the day.,partly-cloudy-day,"16080099999,D6875,16076099999,16066099999,06777099999,06771099999,LIML"
"Milano, Lombardia, Italia",2023-10-15,25.7,12.9,18.6,25.7,12.9,18.6,8.4,62.3,0.007,100,4.17,rain,0,0,66.6,25.9,350.8,1010.7,38.3,9.3,123.6,10.7,6,10,2023-10-15T07:38:55,2023-10-15T18:38:39,0.02,"Rain, Partially cloudy",Partly cloudy throughout the day with morning rain.,rain,"16080099999,D6875,16076099999,16066099999,06777099999,06771099999,LIML"
"Milano, Lombardia, Italia",2023-10-16,17.8,12.8,15.1,17.8,12.8,15.1,5.4,52.9,0,0,0,rain,0,0,65.6,17.6,92.2,1018.7,52.1,10,59.1,5.1,3,10,2023-10-16T07:40:15,2023-10-16T18:36:53,0.06,Partially cloudy,Partly cloudy throughout the day.,partly-cloudy-day,"16080099999,D6875,16076099999,16066099999,06777099999,06771099999,LIML"
"Milano, Lombardia, Italia",2023-10-17,17.8,6.9,12.4,17.8,6.9,12.4,5.2,64.1,0,0,0,,0,0,14.8,9,68.4,1017.8,48.1,10,123.9,10.9,6,10,2023-10-17T07:41:35,2023-10-17T18:35:08,0.09,Partially cloudy,Partly cloudy throughout the day.,partly-cloudy-day,"16080099999,D6875,16076099999,16066099999,06777099999,06771099999,LIML"
"Milano, Lombardia, Italia",2023-10-18,13.9,11.8,12.6,13.9,11.8,12.6,8.1,74.4,0.052,100,37.5,rain,0,0,14,9.3,111.8,1014.8,82,8.9,24.8,2.1,1,10,2023-10-18T07:42:55,2023-10-18T18:33:24,0.13,"Rain, Partially cloudy",Partly cloudy throughout the day with rain.,rain,"16080099999,D6875,16076099999,16066099999,06777099999,06771099999,LIML"
"Milano, Lombardia, Italia",2023-10-19,13.9,11.9,12.4,13.9,11.9,12.4,11.7,95.2,4.495,100,95.83,rain,0,0,25.2,7.7,150.6,1005,89.1,3.5,15.8,1.4,1,10,2023-10-19T07:44:15,2023-10-19T18:31:41,0.17,"Rain, Partially cloudy",Partly cloudy throughout the day with a chance of rain throughout the day.,rain,"16080099999,D6875,16076099999,16066099999,06777099999,06771099999,LIML"
"Milano, Lombardia, Italia",2023-10-20,19.8,12.9,15.9,19.8,12.9,15.9,14.3,90.8,18.814,100,91.67,rain,0,0,68.7,24.1,119.5,992.2,71.3,7.5,55.8,4.7,4,10,2023-10-20T07:45:36,2023-10-20T18:29:59,0.2,"Rain, Partially cloudy",Partly cloudy throughout the day with a chance of rain throughout the day.,rain,"16080099999,D6875,16076099999,16066099999,06777099999,06771099999,LIML"
"Milano, Lombardia, Italia",2023-10-21,20.8,13.9,17.1,20.8,13.9,17.1,13.8,81.7,0.479,100,50,rain,0,0,36.6,12.7,103.7,999.8,55.3,10,55.7,4.9,2,10,2023-10-21T07:46:57,2023-10-21T18:28:17,0.24,"Rain, Partially cloudy",Partly cloudy throughout the day with a chance of rain throughout the day.,rain,"16080099999,D6875,16076099999,16066099999,06777099999,06771099999,LIML"
"Milano, Lombardia, Italia",2023-10-22,20.8,12.8,16.3,20.8,12.8,16.3,12.1,77.5,0.26,100,16.67,rain,0,0,32.8,11,356.4,1010.4,43.8,10,99.1,8.4,5,10,2023-10-22T07:48:18,2023-10-22T18:26:37,0.25,"Rain, Partially cloudy",Partly cloudy throughout the day with rain clearing later.,rain,"16080099999,D6875,16076099999,16066099999,06777099999,06771099999,LIML"
"Milano, Lombardia, Italia",2023-10-23,17.9,12.9,15.3,17.9,12.9,15.3,12.3,83.1,0.222,100,20.83,rain,0,0,24,9.3,27.5,1016.4,76.4,10,33.6,2.9,2,10,2023-10-23T07:49:40,2023-10-23T18:24:58,0.31,"Rain, Partially cloudy",Partly cloudy throughout the day with rain.,rain,"16080099999,D6875,16076099999,16066099999,06777099999,06771099999,LIML"
"Milano, Lombardia, Italia",2023-10-24,14.9,13.9,14.5,14.9,13.9,14.5,13.5,93.9,22.713,100,91.67,rain,0,0,34.4,9.4,11.5,1008.7,86,8.2,15.5,1.1,1,10,2023-10-24T07:51:02,2023-10-24T18:23:20,0.34,"Rain, Partially cloudy",Partly cloudy throughout the day with a chance of rain throughout the day.,rain,"16080099999,D6875,16076099999,16066099999,06777099999,06771099999,LIML"
"Milano, Lombardia, Italia",2023-10-25,16.9,11,13.5,16.9,11,13.5,12.5,93.8,0.017,100,12.5,rain,0,0,21.2,7.6,246.1,1004.2,64.7,4.8,31,2.7,1,10,2023-10-25T07:52:24,2023-10-25T18:21:43,0.38,"Rain, Partially cloudy",Partly cloudy throughout the day with rain.,rain,"16080099999,D6875,16076099999,16066099999,06777099999,06771099999,LIML"
"Milano, Lombardia, Italia",2023-10-26,15.9,11.2,14.1,15.9,11.2,14.1,12.9,92.6,0.705,100,25,rain,0,0,19.9,11.1,198.8,1001.1,89,3.9,26,2.2,1,10,2023-10-26T07:53:46,2023-10-26T18:20:08,0.41,"Rain, Partially cloudy",Partly cloudy throughout the day with late afternoon rain.,rain,"16080099999,D6875,16076099999,16066099999,06777099999,06771099999,LIML"
"Milano, Lombardia, Italia",2023-10-27,21.8,12.9,16.1,21.8,12.9,16.1,13,83.3,8.119,100,29.17,rain,0,0,33.3,14.7,254.4,994.9,64.8,8.1,133,11.4,6,10,2023-10-27T07:55:09,2023-10-27T18:18:33,0.45,"Rain, Partially cloudy",Partly cloudy throughout the day with rain clearing later.,rain,"16080099999,D6875,16076099999,16066099999,06777099999,06771099999,LIML"
"Milano, Lombardia, Italia",2023-10-28,18.8,8.9,13.5,18.8,8.9,13.5,10.7,84.4,0.191,100,8.33,rain,0,0,22.2,11,35.2,1004.7,46.9,9.9,70,5.9,4,10,2023-10-28T07:56:32,2023-10-28T18:17:00,0.5,"Rain, Partially cloudy",Partly cloudy throughout the day with rain in the morning and afternoon.,rain,"16080099999,D6875,16076099999,16066099999,06777099999,06771099999,LIML"
"Milano, Lombardia, Italia",2023-10-29,15.8,11.9,14.4,15.8,11.9,14.4,11.7,83.8,0.424,100,66.67,rain,0,0,32.6,16.1,100.2,1011.9,72.7,10,25.2,2.4,2,10,2023-10-29T06:57:55,2023-10-29T17:15:28,0.52,"Rain, Partially cloudy",Partly cloudy throughout the day with a chance of rain throughout the day.,rain,"16080099999,D6875,16076099999,16066099999,06777099999,06771099999,LIML"
"Milano, Lombardia, Italia",2023-10-30,16.9,13.9,14.8,16.9,13.9,14.8,14.2,96.5,13.478,100,95.83,rain,0,0,51.4,18.2,121.5,1007.5,91.4,6.5,10.7,1.1,1,10,2023-10-30T06:59:18,2023-10-30T17:13:58,0.55,"Rain, Overcast",Cloudy skies throughout the day with a chance of rain throughout the day.,rain,"16080099999,D6875,16076099999,16066099999,06777099999,06771099999,LIML"
"Milano, Lombardia, Italia",2023-10-31,18.8,7.8,13.6,18.8,3.9,13.3,9.4,77,17.889,100,45.83,rain,0,0,86.7,43.2,316.2,1004.5,48.9,9.5,125.9,10.9,5,10,2023-10-31T07:00:42,2023-10-31T17:12:29,0.58,"Rain, Partially cloudy",Partly cloudy throughout the day with a chance of rain throughout the day.,rain,"16080099999,D6875,16076099999,16066099999,06777099999,06771099999,LIML"
"Milano, Lombardia, Italia",2023-11-01,13.9,7.9,11.4,13.9,7.7,11.2,8.9,85.1,0.299,100,20.83,rain,0,0,23.4,10.8,69.8,1012.4,52.6,10,32.9,2.8,2,10,2023-11-01T07:02:06,2023-11-01T17:11:01,0.62,"Rain, Partially cloudy",Partly cloudy throughout the day with rain.,rain,"16080099999,D6875,16076099999,16066099999,06777099999,06771099999,LIML"
"Milano, Lombardia, Italia",2023-11-02,13.8,10.9,12,13.8,10.9,12,11.1,94.2,21.707,100,79.17,rain,0,0,49.4,32.3,116.5,997.1,91.3,6.7,6.8,0.4,0,10,2023-11-02T07:03:30,2023-11-02T17:09:35,0.65,"Rain, Overcast",Cloudy skies throughout the day with a chance of rain throughout the day.,rain,"16080099999,D6875,16076099999,16066099999,06777099999,06771099999,LIML"
"Milano, Lombardia, Italia",2023-11-03,16.7,7.8,11.5,16.7,5.3,11,7.7,79.2,29.056,100,33.33,rain,0,0,91.8,28.9,282.8,987.2,59.3,7.6,107.1,9.2,5,10,2023-11-03T07:04:54,2023-11-03T17:08:10,0.68,"Rain, Partially cloudy",Partly cloudy throughout the day with a chance of rain throughout the day.,rain,"16080099999,D6875,16076099999,16066099999,06777099999,06771099999,LIML"
"Milano, Lombardia, Italia",2023-11-04,11.8,3.1,8.4,11.8,1,7.8,5.2,81.9,2.554,100,41.67,rain,0,0,28,14.6,50.6,996,69.3,9.4,57.7,5.1,4,10,2023-11-04T07:06:18,2023-11-04T17:06:47,0.71,"Rain, Partially cloudy",Partly cloudy throughout the day with rain.,rain,"16080099999,D6875,16076099999,06777099999,16066099999,06771099999,LIML"
"Milano, Lombardia, Italia",2023-11-05,15.8,6.9,10.8,15.8,5.5,10.4,7.3,80.4,26.269,100,29.17,rain,0,0,35.4,10.9,275.5,993.5,52.9,9.4,118.6,10.2,5,10,2023-11-05T07:07:42,2023-11-05T17:05:26,0.75,"Rain, Partially cloudy",Partly cloudy throughout the day with a chance of rain throughout the day.,rain,"16080099999,D6875,16076099999,16066099999,06777099999,06771099999,LIML"
"Milano, Lombardia, Italia",2023-11-06,15.8,4.9,10.5,15.8,3.9,10.3,7.6,83.2,0.2,100,8.33,rain,0,0,23.9,11,65.6,1009.4,33.1,9.4,108.9,9.5,5,10,2023-11-06T07:09:06,2023-11-06T17:04:06,0.78,"Rain, Partially cloudy",Partly cloudy throughout the day with late afternoon rain.,rain,"16080099999,D6875,16076099999,16066099999,06777099999,06771099999,LIML"
"Milano, Lombardia, Italia",2023-11-07,15.8,7.8,10.7,15.8,7.8,10.7,8.4,86.8,0.321,100,29.17,rain,0,0,29.4,7.5,17.7,1015.2,34.5,9,43.5,3.6,2,10,2023-11-07T07:10:31,2023-11-07T17:02:48,0.81,"Rain, Partially cloudy",Partly cloudy throughout the day with a chance of rain throughout the day.,rain,"16080099999,D6875,16076099999,16066099999,06777099999,06771099999,LIML"
"Milano, Lombardia, Italia",2023-11-08,13.9,3.9,8.1,13.9,2.7,8,5.6,85.4,0.179,100,4.17,rain,0,0,22.2,7.5,259.8,1019.4,8.5,10,107,9.3,5,10,2023-11-08T07:11:55,2023-11-08T17:01:31,0.84,Rain,Clear conditions throughout the day with afternoon rain.,rain,"16080099999,D6875,16076099999,16066099999,06777099999,06771099999,LIML"
"Milano, Lombardia, Italia",2023-11-09,8.9,5.9,7.9,8.9,4.8,7.5,5.8,86.7,6.235,100,62.5,rain,0,0,22.6,9.3,13.1,1017,66.5,9.2,26.8,2.3,1,10,2023-11-09T07:13:19,2023-11-09T17:00:17,0.87,"Rain, Partially cloudy",Partly cloudy throughout the day with a chance of rain throughout the day.,rain,"16080099999,D6875,16076099999,16066099999,06777099999,06771099999,LIML"
"Milano, Lombardia, Italia",2023-11-10,11.9,6.8,9.1,11.9,4.3,8.5,6.9,86.6,2.959,100,12.5,rain,0,0,26.2,12.8,258.8,1006.7,66.9,10,46.1,3.8,3,10,2023-11-10T07:14:43,2023-11-10T16:59:04,0.91,"Rain, Partially cloudy",Partly cloudy throughout the day with rain clearing later.,rain,"16080099999,D6875,16076099999,16066099999,06777099999,06771099999,LIML"
"Milano, Lombardia, Italia",2023-11-11,15.9,2.9,8.1,15.9,1.5,7.5,4,77.4,0,0,0,,0,0,32.8,12.7,271.8,1005.9,9.6,9.2,108.5,9.4,5,10,2023-11-11T07:16:08,2023-11-11T16:57:53,0.94,Clear,Clear conditions throughout the day.,clear-day,"16080099999,D6875,16076099999,16066099999,06777099999,06771099999,LIML"
"Milano, Lombardia, Italia",2023-11-12,11.9,3.9,8,11.9,3.7,7.2,4.4,78.8,0,0,0,,0,0,27.8,11,6.4,1010.6,49.9,10,43.2,3.8,3,10,2023-11-12T07:17:31,2023-11-12T16:56:44,0.97,Partially cloudy,Partly cloudy throughout the day.,partly-cloudy-day,"16080099999,D6875,16076099999,16066099999,06777099999,06771099999,LIML"
"Milano, Lombardia, Italia",2023-11-13,14,2.1,8.5,14,2.1,8.3,5.2,80.9,0.179,100,4.17,rain,0,0,26.7,9,79.4,1015.4,35.7,9.6,99.1,8.5,5,10,2023-11-13T07:18:55,2023-11-13T16:55:37,0,"Rain, Partially cloudy",Partly cloudy throughout the day with morning rain.,rain,"16080099999,D6875,16076099999,16066099999,06777099999,06771099999,LIML"
"Milano, Lombardia, Italia",2023-11-14,12.9,8.9,11.1,12.9,8.9,11,8.6,84.7,0.023,100,4.17,rain,0,0,27.2,7.6,85.7,1013.8,70.5,7.1,14.9,1.2,1,10,2023-11-14T07:20:18,2023-11-14T16:54:31,0.04,"Rain, Partially cloudy",Partly cloudy throughout the day with late afternoon rain.,rain,"16080099999,D6875,16076099999,16066099999,06777099999,06771099999,LIML"
"Milano, Lombardia, Italia",2023-11-15,17.9,8.9,12,17.9,6.8,11.7,8.5,80.6,0.007,100,4.17,rain,0,0,42.5,20,279.2,1014.6,42.6,7.3,80.9,7,5,10,2023-11-15T07:21:42,2023-11-15T16:53:28,0.07,"Rain, Partially cloudy",Clearing in the afternoon with early morning rain.,rain,"16080099999,D6875,16076099999,16066099999,06777099999,06771099999,LIML"
"Milano, Lombardia, Italia",2023-11-16,12.9,5,9.6,12.9,5,9.5,5.3,75.5,0,0,0,,0,0,24.7,9.3,8.5,1016.4,53.6,9.6,49.8,4.4,2,10,2023-11-16T07:23:04,2023-11-16T16:52:27,0.11,Partially cloudy,Partly cloudy throughout the day.,partly-cloudy-day,"16080099999,D6875,16076099999,16066099999,06777099999,06771099999,LIML"
"Milano, Lombardia, Italia",2023-11-17,17.8,5.1,11.3,17.8,2.2,10.6,0.3,53.8,0,0,0,,0,0,64.9,20.7,301.6,1013,4.4,9.9,108.4,9.3,5,10,2023-11-17T07:24:27,2023-11-17T16:51:28,0.15,Clear,Clear conditions throughout the day.,clear-day,"16080099999,D6875,16076099999,16066099999,06777099999,06771099999,LIML"
"Milano, Lombardia, Italia",2023-11-18,15.8,4,9.1,15.8,3.2,8.6,0.5,57.2,0.002,100,4.17,rain,0,0,54.9,11.8,265.3,1021.7,18,10,101.9,8.8,5,10,2023-11-18T07:25:49,2023-11-18T16:50:31,0.18,Rain,Clear conditions throughout the day with early morning rain.,rain,"16080099999,D6875,16076099999,16066099999,06777099999,06771099999,LIML"
"Milano, Lombardia, Italia",2023-11-19,14,2.9,7.6,14,2.9,7.6,3.8,78.3,0,0,0,,0,0,23.2,9,273.4,1019.3,39,10,83.2,7.2,4,10,2023-11-19T07:27:10,2023-11-19T16:49:37,0.22,Partially cloudy,Clearing in the afternoon.,partly-cloudy-day,"16080099999,D6875,16076099999,16066099999,06777099999,06771099999,LIML"
"Milano, Lombardia, Italia",2023-11-20,11,2.1,7.5,11,2.1,7.2,5,84.9,0,0,0,,0,0,24.4,9.1,59.5,1014.3,58.4,8.8,24,2.1,1,10,2023-11-20T07:28:31,2023-11-20T16:48:44,0.25,Partially cloudy,Partly cloudy throughout the day.,partly-cloudy-day,"16080099999,D6875,16076099999,16066099999,06777099999,06771099999,LIML"
"Milano, Lombardia, Italia",2023-11-21,12.9,5.9,10.2,12.9,4.8,9.8,6.6,78.9,0,0,0,,0,0,27.1,9.3,22.7,1009,39.2,8.7,62.1,5.4,3,10,2023-11-21T07:29:51,2023-11-21T16:47:54,0.29,Partially cloudy,Clearing in the afternoon.,partly-cloudy-day,"16080099999,D6875,16076099999,16066099999,06777099999,06771099999,LIML"
"Milano, Lombardia, Italia",2023-11-22,14.9,3.1,8.1,14.9,2.7,7.9,3.9,77.7,0,0,0,,0,0,64.3,9.4,55.3,1015.1,12.5,9.8,94,8.1,4,10,2023-11-22T07:31:11,2023-11-22T16:47:06,0.32,Clear,Clear conditions throughout the day.,clear-day,"16080099999,D6875,16076099999,16066099999,06777099999,06771099999,LIML"
"Milano, Lombardia, Italia",2023-11-23,13,2,6.8,13,2,6.6,3,78.8,0,0,0,,0,0,27.6,7.6,307.3,1020.8,5.1,9.9,91.5,8.1,4,10,2023-11-23T07:32:30,2023-11-23T16:46:20,0.36,Clear,Clear conditions throughout the day.,clear-day,"16080099999,D6875,16076099999,16066099999,06777099999,06771099999,LIML"
"Milano, Lombardia, Italia",2023-11-24,14.9,1.1,7.2,14.9,-1.4,6.6,2.7,75.6,0.179,100,4.17,"rain,snow",0,0,71.9,15.6,292.2,1004,3.1,9.8,91.4,8,4,10,2023-11-24T07:33:48,2023-11-24T16:45:37,0.4,"Snow, Rain",Clear conditions throughout the day with morning rain or snow.,rain,"16080099999,D6875,16076099999,16066099999,06777099999,06771099999,LIML"
"Milano, Lombardia, Italia",2023-11-25,10.9,4.7,8.9,10.9,1.4,7,-9.5,27.3,0,0,0,,0,0,71.9,28.9,341,1006.2,1.7,10,98.8,8.5,4,10,2023-11-25T07:35:05,2023-11-25T16:44:56,0.43,Clear,Clear conditions throughout the day.,clear-day,"16080099999,D6875,16076099999,16066099999,06777099999,06771099999,LIML"
"Milano, Lombardia, Italia",2023-11-26,13,0,6.2,13,-3,4.3,-5.4,44.5,0,0,0,,0,0,32.9,18.2,262.2,1011.4,20.6,10,94.2,8.1,4,10,2023-11-26T07:36:21,2023-11-26T16:44:18,0.47,Partially cloudy,Partly cloudy throughout the day.,partly-cloudy-day,"16080099999,D6875,16076099999,16066099999,06777099999,06771099999,LIML"
"Milano, Lombardia, Italia",2023-11-27,6,1,4.1,6,-0.7,3.5,-0.8,70.9,0.186,100,12.5,rain,0,0,16.5,9.1,66.8,1010.1,67.8,10,14.9,1.2,1,10,2023-11-27T07:37:37,2023-11-27T16:43:42,0.5,"Rain, Partially cloudy",Partly cloudy throughout the day with rain.,rain,"16080099999,D6875,16076099999,16066099999,06777099999,LIML,06771099999"
"Milano, Lombardia, Italia",2023-11-28,10,2.8,6.3,8.2,-0.2,4,0.5,71.1,1.084,100,8.33,rain,0,0,47,23.5,274.8,996.9,35.1,9.5,89,7.7,4,10,2023-11-28T07:38:51,2023-11-28T16:43:09,0.53,"Rain, Partially cloudy",Clearing in the afternoon with rain.,rain,"16080099999,D6875,16076099999,16066099999,06777099999,06771099999,LIML"
"Milano, Lombardia, Italia",2023-11-29,10.8,-0.9,6.1,10.8,-0.9,5,-3.2,54.1,0,0,0,,0,0,47,16.4,38.5,1005.7,22.7,10,83.2,7.2,4,10,2023-11-29T07:40:04,2023-11-29T16:42:38,0.57,Partially cloudy,Partly cloudy throughout the day.,partly-cloudy-day,"16080099999,D6875,16076099999,16066099999,06777099999,06771099999,LIML"
"Milano, Lombardia, Italia",2023-11-30,6.7,3.9,4.4,5.9,1.6,3.3,2.6,88.6,4.858,100,41.67,rain,0,0,22.4,9.2,229.8,1005.6,92.2,5.1,12.1,1,1,10,2023-11-30T07:41:16,2023-11-30T16:42:09,0.6,"Rain, Overcast",Cloudy skies throughout the day with a chance of rain throughout the day.,rain,"16080099999,D6875,16076099999,16066099999,06777099999,06771099999,LIML"
"Milano, Lombardia, Italia",2023-12-01,6.9,3.9,5.2,6.9,2.1,4.4,4.6,95.6,4.46,100,100,rain,0,0,26.3,11,160.4,998.1,99.3,2.2,5.7,0.3,0,10,2023-12-01T07:42:27,2023-12-01T16:41:43,0.63,"Rain, Overcast",Cloudy skies throughout the day with a chance of rain throughout the day.,rain,"16080099999,D6875,16076099999,16066099999,06777099999,06771099999,LIML"
"Milano, Lombardia, Italia",2023-12-02,12.7,5,7.7,12.7,3,6.3,0.3,68.6,8.188,100,54.17,rain,0,0,78.8,29.2,324.1,995.4,70.7,6.3,42.9,3.7,3,10,2023-12-02T07:43:37,2023-12-02T16:41:20,0.66,"Rain, Partially cloudy",Partly cloudy throughout the day with a chance of rain throughout the day.,rain,"16080099999,D6875,16076099999,16066099999,06777099999,06771099999,LIML"
"Milano, Lombardia, Italia",2023-12-03,7.9,1.8,4.3,7.9,-0.9,3.3,-1.4,68.2,0,0,0,,0,0,67.8,11.2,24,1018.5,24.1,10,86.9,7.4,4,10,2023-12-03T07:44:45,2023-12-03T16:40:59,0.69,Partially cloudy,Partly cloudy throughout the day.,partly-cloudy-day,"16080099999,D6875,16076099999,16066099999,06777099999,06771099999,LIML"
"Milano, Lombardia, Italia",2023-12-04,3.9,-0.8,1.6,3,-3.3,0.8,-1.1,82.8,0.253,100,25,"rain,snow",0,0,13.2,7.6,169.4,1021.4,64,9.6,13.8,1.2,1,10,2023-12-04T07:45:52,2023-12-04T16:40:41,0.73,"Snow, Rain, Partially cloudy",Partly cloudy throughout the day with rain or snow.,rain,"16080099999,D6875,16076099999,16066099999,06777099999,06771099999,LIML"
"Milano, Lombardia, Italia",2023-12-05,5.8,1.8,3.1,5.8,-0.9,1.8,1.2,87.5,0.726,100,4.17,"rain,snow",0,0,18.8,9.4,242.9,1013.1,67.8,7.8,23.3,2,1,10,2023-12-05T07:46:57,2023-12-05T16:40:26,0.75,"Snow, Rain, Partially cloudy",Partly cloudy throughout the day with early morning snow or rain.,rain,"16080099999,D6875,16076099999,16066099999,06777099999,06771099999,LIML"
"Milano, Lombardia, Italia",2023-12-06,8.9,-2,2.1,8.9,-3,1.2,-0.3,85.1,0.179,100,4.17,rain,0,0,25.7,9.2,259.3,1012.6,3.3,7.3,77.8,6.7,4,10,2023-12-06T07:48:00,2023-12-06T16:40:13,0.79,Rain,Clear conditions throughout the day with afternoon rain.,rain,"16080099999,D6875,16076099999,16066099999,06777099999,06771099999,LIML"
"Milano, Lombardia, Italia",2023-12-07,9,-2.9,2.2,8.5,-2.9,2,-0.9,81.8,0,0,0,,0,0,21.5,5.6,231.6,1018.5,27.9,7.2,75.4,6.5,4,10,2023-12-07T07:49:02,2023-12-07T16:40:03,0.82,Partially cloudy,Partly cloudy throughout the day.,partly-cloudy-day,"16080099999,D6875,16076099999,16066099999,06777099999,06771099999,LIML"
"Milano, Lombardia, Italia",2023-12-08,4.9,0.9,3.6,4.9,-0.7,2.9,1.5,86.6,0.705,100,50,rain,0,0,15.8,7.5,279.4,1017.1,81.5,9.3,15.7,1.2,1,10,2023-12-08T07:50:03,2023-12-08T16:39:56,0.85,"Rain, Partially cloudy",Partly cloudy throughout the day with rain.,rain,"16080099999,D6875,16076099999,16066099999,06777099999,06771099999,LIML"
"Milano, Lombardia, Italia",2023-12-09,5.9,1.9,3.6,4.4,0.4,2.2,2.6,93.7,0.043,100,12.5,rain,0,0,18.4,9.3,246.5,1016.9,85.3,3.9,24.5,2.1,1,10,2023-12-09T07:51:01,2023-12-09T16:39:51,0.89,"Rain, Partially cloudy",Partly cloudy throughout the day with late afternoon rain.,rain,"16080099999,D6875,16076099999,16066099999,06777099999,06771099999,LIML"
"Milano, Lombardia, Italia",2023-12-10,10,2.9,5.1,10,-0.7,3.1,3.4,89.1,1.015,100,12.5,rain,0,0,43.8,18,263.4,1014.8,55,6.9,65.3,5.6,4,10,2023-12-10T07:51:58,2023-12-10T16:39:49,0.92,"Rain, Partially cloudy",Partly cloudy throughout the day with early morning rain.,rain,"16080099999,D6875,16076099999,16066099999,06777099999,06771099999,LIML"
"Milano, Lombardia, Italia",2023-12-11,7,3.9,5.5,6.3,3.2,4.6,4.7,94.2,0,0,0,,0,0,25.7,9.2,84.4,1013.6,73.8,3,16.1,1.4,1,10,2023-12-11T07:52:53,2023-12-11T16:39:50,0.95,Partially cloudy,Partly cloudy throughout the day.,partly-cloudy-day,"16080099999,D6875,16076099999,16066099999,06777099999,06771099999,LIML"
"Milano, Lombardia, Italia",2023-12-12,8.1,3.9,6,8.1,2.7,5.6,4.8,92.5,0,0,0,rain,0,0,17.6,9.2,306.8,1012.1,83,2.9,10,0.8,1,10,2023-12-12T07:53:46,2023-12-12T16:39:53,0.98,Partially cloudy,Partly cloudy throughout the day.,partly-cloudy-day,"16080099999,D6875,16076099999,16066099999,06777099999,06771099999,LIML"
"Milano, Lombardia, Italia",2023-12-13,8,6,7.2,7.9,4.5,6.9,6.6,95.6,6.418,100,25,rain,0,0,24.7,7.6,244.9,1002.8,90.9,2.9,10.2,0.7,1,10,2023-12-13T07:54:37,2023-12-13T16:40:00,0,"Rain, Overcast",Cloudy skies throughout the day with a chance of rain throughout the day.,rain,"16080099999,D6875,16076099999,16066099999,06777099999,06771099999,LIML"
"Milano, Lombardia, Italia",2023-12-14,10,3.2,6.9,10,0.2,6.1,5.3,90.2,0,0,0,,0,0,45.5,11.7,271.5,1010.8,49.5,5.1,55.5,4.7,3,10,2023-12-14T07:55:25,2023-12-14T16:40:08,0.05,Partially cloudy,Partly cloudy throughout the day.,partly-cloudy-day,"16080099999,D6875,16076099999,16066099999,06777099999,06771099999,LIML"
"Milano, Lombardia, Italia",2023-12-15,11.1,0.2,4.8,11.1,0.2,4.5,1.9,84.1,0.179,100,4.17,"rain,snow",0,0,53.7,11.3,5.8,1026.5,1.8,6.8,84,7.2,4,10,2023-12-15T07:56:12,2023-12-15T16:40:20,0.09,"Snow, Rain",Clear conditions throughout the day with morning rain or snow.,rain,"16080099999,D6875,16076099999,C7783,16066099999,06777099999,06771099999,LIML"
"Milano, Lombardia, Italia",2023-12-16,9,0,3.7,9,-0.3,3.4,0.9,83.2,0,0,0,,0,0,37.7,7.7,9.3,1037.5,14.4,10,37.9,3.3,2,10,2023-12-16T07:56:57,2023-12-16T16:40:34,0.12,Clear,Clear conditions throughout the day.,clear-day,"16080099999,D6875,16076099999,16066099999,06777099999,06771099999,LIML"
"Milano, Lombardia, Italia",2023-12-17,5.3,-1.8,1.6,3.1,-4.7,0.2,0.4,91.9,0.179,100,4.17,rain,0,0,17.6,12.6,254.2,1039.5,18.3,5.6,27.8,2.4,1,10,2023-12-17T07:57:39,2023-12-17T16:40:51,0.16,Rain,Clear conditions throughout the day with afternoon rain.,rain,"16080099999,D6875,16076099999,16066099999,06777099999,06771099999,LIML"
"Milano, Lombardia, Italia",2023-12-18,11.1,-0.9,4.1,11.1,-2.8,3.7,1.5,84.7,0.179,100,4.17,rain,0,0,12.2,9.1,255.2,1034.3,15,7.2,74.5,6.4,4,10,2023-12-18T07:58:19,2023-12-18T16:41:10,0.2,Rain,Clear conditions throughout the day with afternoon rain.,rain,"16080099999,D6875,16076099999,16066099999,06777099999,06771099999,LIML"
"Milano, Lombardia, Italia",2023-12-19,12.1,-0.8,4.3,12.1,-0.8,4.2,1.6,84.7,0.179,100,4.17,rain,0,0,11,7.4,274.2,1025.3,8.2,7.8,83.5,7.1,4,10,2023-12-19T07:58:57,2023-12-19T16:41:32,0.25,Rain,Clear conditions throughout the day with afternoon rain.,rain,"16080099999,D6875,16076099999,16066099999,06777099999,06771099999,LIML"
"Milano, Lombardia, Italia",2023-12-20,8.1,1.1,3.7,8.1,-0.5,3.2,2,89,0,0,0,,0,0,53.6,7.6,343.4,1013.8,2.7,6.9,43.4,3.7,3,10,2023-12-20T07:59:32,2023-12-20T16:41:57,0.27,Clear,Clear conditions throughout the day.,clear-day,"16080099999,D6875,16076099999,16066099999,06777099999,06771099999,LIML"
"Milano, Lombardia, Italia",2023-12-21,9,-0.9,3.6,9,-2.8,2.8,1.3,86.6,0.179,100,4.17,rain,0,0,53.6,11.3,281.8,1009.4,18.1,4.9,34.6,3.1,2,10,2023-12-21T08:00:05,2023-12-21T16:42:24,0.3,Rain,Clear conditions throughout the day with afternoon rain.,rain,"16080099999,D6875,16076099999,16066099999,06777099999,06771099999,LIML"
"Milano, Lombardia, Italia",2023-12-22,17.8,7.7,12.4,17.8,5.4,11.8,-0.1,43.8,0,0,0,,0,0,73,27.3,287.7,1002.5,1.4,10,86,7.4,4,10,2023-12-22T08:00:36,2023-12-22T16:42:54,0.34,Clear,Clear conditions throughout the day.,clear-day,"16080099999,D6875,16076099999,16066099999,06777099999,06771099999,LIML"
"Milano, Lombardia, Italia",2023-12-23,18,7,12.2,18,6,11.9,1.1,47.8,0,0,0,,0,0,45.4,20.2,263.6,1007.5,15.6,10,66.8,5.8,3,10,2023-12-23T08:01:04,2023-12-23T16:43:26,0.37,Clear,Clear conditions throughout the day.,clear-day,"16080099999,D6875,16076099999,16066099999,06777099999,06771099999,LIML"
"Milano, Lombardia, Italia",2023-12-24,16.9,9.7,12.2,16.9,7.1,11.6,5,62,0,0,0,,0,0,53.7,21.6,268,1012.8,9,10,52.8,4.6,3,10,2023-12-24T08:01:30,2023-12-24T16:44:01,0.41,Clear,Clear conditions throughout the day.,clear-day,"16080099999,D6875,16076099999,16066099999,06777099999,06771099999,LIML"
"Milano, Lombardia, Italia",2023-12-25,14,2.1,7.9,14,2.1,7.8,5.2,84.4,0,0,0,,0,0,21.1,7.7,248.3,1017.2,19,9.8,43,3.8,2,10,2023-12-25T08:01:53,2023-12-25T16:44:38,0.44,Clear,Clear conditions throughout the day.,clear-day,"16080099999,D6875,16076099999,16066099999,06777099999,06771099999,LIML"
"Milano, Lombardia, Italia",2023-12-26,12.9,4.9,8.7,12.9,4.9,8.7,6.7,87.9,0,0,0,rain,0,0,25.8,7.6,280.6,1019.7,52.9,9.7,31.4,2.6,2,10,2023-12-26T08:02:14,2023-12-26T16:45:18,0.48,Partially cloudy,Partly cloudy throughout the day.,partly-cloudy-day,"16080099999,D6875,16076099999,16066099999,06777099999,06771099999,LIML"
"Milano, Lombardia, Italia",2023-12-27,10.9,6.8,8.5,10.9,6.8,8.4,6.2,85.7,0,0,0,rain,0,0,20.7,7.5,330,1025.4,88.7,9.4,24.7,2.2,1,10,2023-12-27T08:02:32,2023-12-27T16:46:00,0.5,Partially cloudy,Partly cloudy throughout the day.,partly-cloudy-day,"16080099999,D6875,16076099999,16066099999,06777099999,06771099999,LIML"
"Milano, Lombardia, Italia",2023-12-28,9.9,7.8,8.4,9.9,6.3,8.2,6.5,87.8,0,0,0,,0,0,16.3,9.1,264.5,1026.2,92.3,9.1,12.1,1,1,10,2023-12-28T08:02:47,2023-12-28T16:46:44,0.55,Overcast,Cloudy skies throughout the day.,cloudy,"16080099999,D6875,16076099999,16066099999,06777099999,06771099999,LIML"
"Milano, Lombardia, Italia",2023-12-29,9.9,7.9,8.4,9.5,6.3,7.9,5.5,82.2,0.002,100,4.17,rain,0,0,17,9,249.9,1022.4,92.7,9.8,10.5,0.7,1,10,2023-12-29T08:03:00,2023-12-29T16:47:31,0.58,"Rain, Overcast",Cloudy skies throughout the day with afternoon rain.,rain,"16080099999,D6875,16076099999,16066099999,06777099999,06771099999,LIML"
"Milano, Lombardia, Italia",2023-12-30,9.9,6.8,8.3,9.9,6.8,8.2,5.6,83.2,0,0,0,rain,0,0,21.2,5.6,171.4,1020.5,85.6,9.4,29.5,2.5,2,10,2023-12-30T08:03:10,2023-12-30T16:48:19,0.61,Partially cloudy,Partly cloudy throughout the day.,partly-cloudy-day,"16080099999,D6875,16076099999,16066099999,06777099999,06771099999,LIML"
"Milano, Lombardia, Italia",2023-12-31,7.9,5.6,7.7,7.9,5.5,7,6.7,92.9,4.868,100,66.67,rain,0,0,22.9,10.9,67.1,1014.9,94.2,3.9,7.1,0.6,1,10,2023-12-31T08:03:18,2023-12-31T16:49:10,0.64,"Rain, Overcast",Cloudy skies throughout the day with a chance of rain throughout the day.,rain,"16080099999,D6875,16076099999,16066099999,06777099999,06771099999,LIML"
